title,description,published date,url,publisher,keywords,content
"Barito Renewables (BREN) IPO, Ada Riwayat Transaksi Saham Bulan Mei, Nilainya Besar - Investor.ID","Barito Renewables (BREN) IPO, Ada Riwayat Transaksi Saham Bulan Mei, Nilainya Besar  Investor.ID",2023-09-22,https://news.google.com/rss/articles/CBMiswFBVV95cUxPaXhlbm1oenFlbkI2VEw1eDgzNEc0VmlaZmhjejY3Qzd1bnVObjlGS0Fyd1hNdVlmR1VablZXd3ZRdFN3Rmxvdjg3U2ZLVGxzdk1QdmtBVFo1TmhKd0luZGRBdmFPUjhwemkwMWpERHdlYmhGekdZOU5mMVVoank3TnZkcXB3V3NfcUh6S05ybDltUlYtU2JLUUtKSXNrT3N5bmpOTXVKaGtWOTRGWXFzNzczTQ?oc=5&hl=en-ID&gl=ID&ceid=ID:en,"{'href': 'https://investor.id', 'title': 'Investor.ID'}",Missing,Missing
"IPO BREN Dongkrak Barito Pacific (BRPT), Target Harga Sahamnya Baru - Investor.ID","IPO BREN Dongkrak Barito Pacific (BRPT), Target Harga Sahamnya Baru  Investor.ID",2023-09-20,https://news.google.com/rss/articles/CBMinwFBVV95cUxONHVJbC1ZbG9rSnFWTWVtOWhKOVh4VVpELWdtaDZiUFAwUDdDN1NRWHBYV2JVX3I2YjN2NHhZVndIVEpUMTZFX25NRzlyWXc1aFpwbFF4cDdvNTlzWVkyWkxMWUxWOXJnd2pVSUh5ZzdrSUFDRGdjX3B0TU9LMzJUN25KV2dXRGRuRDl0Wl8xYWplUVFueWF5a0pGcHFDX00?oc=5&hl=en-ID&gl=ID&ceid=ID:en,"{'href': 'https://investor.id', 'title': 'Investor.ID'}",Missing,Missing
"Kupas Tuntas Barito Renewables (BREN), dari Valuasi hingga Ekspansi - Investor.ID","Kupas Tuntas Barito Renewables (BREN), dari Valuasi hingga Ekspansi  Investor.ID",2023-09-20,https://news.google.com/rss/articles/CBMinwFBVV95cUxOMUNpQVdMdjVGX3Q0U0hzQjdYUVRxT29GdGxUZjM4VUtlUnBUY3Y0NWNidXVpeG5zaFBjVnBjMDI5cEM0dVB2SlNYWTROYUNTM2xVVDRVT1FDeU12XzViZlpTRHF3XzVhVk03SzRtdHFqLWg0bHN5bzNZcjdtMkc0bHF3VFh5RnVTYVRnMEpGOW9ibVdqRjRLUk1DRkRsOXc?oc=5&hl=en-ID&gl=ID&ceid=ID:en,"{'href': 'https://investor.id', 'title': 'Investor.ID'}",Missing,Missing
Barito Pacific (BRPT) Tembus Barisan Emiten Elite - Investor.ID,Barito Pacific (BRPT) Tembus Barisan Emiten Elite  Investor.ID,2023-09-18,https://news.google.com/rss/articles/CBMiiAFBVV95cUxPOWduNERSc094LVJYRG5wUDgySGt3cTUyekduSC1BRGJHM0otOV9kcWV1T3BJTzM0WTNCNlc0WW8wdWpnVmg4SFJPbEpSNTZkeDZaRUZPVVZhUWlqOTJYbkRkN0wtYVNmc1FjZ1RZRHpncjBTaU9fQWZXOG4wUDl0LXVKX1dRNzk5?oc=5&hl=en-ID&gl=ID&ceid=ID:en,"{'href': 'https://investor.id', 'title': 'Investor.ID'}",Missing,Missing
"Barito Renewables (BREN) Masuk Top 5 Dunia, Saingi Enel hingga EDC - Investor.ID","Barito Renewables (BREN) Masuk Top 5 Dunia, Saingi Enel hingga EDC  Investor.ID",2023-09-18,https://news.google.com/rss/articles/CBMingFBVV95cUxOR0ZlTWhSVHlrQ2ZOTl84M3Bma0dtbWxUem1UajNMSExHdjJmaTVaSE1zcmdCRUlXOHRSR1RjeENHWVFNRDIyaEY2dGJLUUsyOS1lZ3lfcEpKazRXWWR0a0JuQ3BTUGpfbWNDVHBtZF9PdkYxZVUzSGM2M0FhREF3LTJ5amp0SHphbEx1bC1PeUFNeDlwcTRjX0s3QkozUQ?oc=5&hl=en-ID&gl=ID&ceid=ID:en,"{'href': 'https://investor.id', 'title': 'Investor.ID'}",Missing,Missing
"Untung Rp 1,4 Triliun, Barito Renewables Energy Janjikan Dividen 60% - Investor.ID","Untung Rp 1,4 Triliun, Barito Renewables Energy Janjikan Dividen 60%  Investor.ID",2023-09-17,https://news.google.com/rss/articles/CBMioAFBVV95cUxPOE1pWVhLaGdWUGFrckM3T1BCM2RNaHBEdTV6eGY5cWxKeWVwZE9SeXRvM2NaTnlFMl9lZGVLN0xnR0ttdURqbDVIeUF6bjBCb3M0Uk4taUpNTVY1Y2VsV2hZdVo1TFBvbnVCYlVUSm43RE5sbWhKNzRsYUtWN3AxcnU3OVNrbWJQalFPX0dWZm5BRnFvdloybEwzSVM5ODRZ?oc=5&hl=en-ID&gl=ID&ceid=ID:en,"{'href': 'https://investor.id', 'title': 'Investor.ID'}",Missing,Missing
"Sebelum Barito Renewables (BREN) Umumkan IPO, Prajogo Pangestu Borong Saham BRPT - Investor.ID","Sebelum Barito Renewables (BREN) Umumkan IPO, Prajogo Pangestu Borong Saham BRPT  Investor.ID",2023-09-16,https://news.google.com/rss/articles/CBMisAFBVV95cUxQYUVlc0VoQUdLV2hVVmhReUJZb1ZYdGhPd0tPN2dyWDdYQ1BkdEc5dFF5S3E0bVNVQV9SZktLM3Ixd25sV001UXlIU3ktNTg3ZUV0X0FPT0FnMVlqY081azBJbWd2UVl6TDYyeUFQYURSbTJnU0oyWWtUQjZleHpoLTFQcFNuWmRWOS1fMk9jenI3ckE2WHhPUGhEby1vVW1wMXVWaE9nbnE2T0hKTF9GWQ?oc=5&hl=en-ID&gl=ID&ceid=ID:en,"{'href': 'https://investor.id', 'title': 'Investor.ID'}",Missing,Missing
"Bawa Satu Lagi Perusahaannya IPO, Prajogo Pangestu Mantan Sopir Angkot Kini Berharta Rp 161 T - Investor.ID","Bawa Satu Lagi Perusahaannya IPO, Prajogo Pangestu Mantan Sopir Angkot Kini Berharta Rp 161 T  Investor.ID",2023-09-16,https://news.google.com/rss/articles/CBMixAFBVV95cUxNNXdRT2wxdU5ocTUzbUlUS05JVHlnZkJ3d2JmT3pCVXppbGxJLUhuM09UUS13NGRHMS1aeTZ5RnpOUW9lNV94TmdkSng4cnNBWEM1SklpT08yWUdpOWJiM2gzMkJ6b2ZvN3FQa0ctRU1NendiTl81LU9Wc3doWnR0YUl0dlJTSkE2alZ4N2phd3RNY2IyQldUajFMSUlkS1F3Q0JwZ053NGRhbE45cnNOc2Z2SVVHYWoxOW1vU1pBWjRydEp0?oc=5&hl=en-ID&gl=ID&ceid=ID:en,"{'href': 'https://investor.id', 'title': 'Investor.ID'}",Missing,Missing
BREN dan PGEO Berebut Posisi Puncak di Bisnis Panas Bumi - Investor.ID,BREN dan PGEO Berebut Posisi Puncak di Bisnis Panas Bumi  Investor.ID,2023-09-15,https://news.google.com/rss/articles/CBMilAFBVV95cUxOTjZ2WmtVVm5PYlp1UkgtUVIxb2ZrY25ZSHpvRm9BWEdiRE5VOWt1OWMyXzJoR01ZUFVxZ21WYnRlYjhVdVlDZE5ObUNOSWZBbk1WYmFpWG9ucGR6Sk9uOFpFSTk1QlBQekMwVDFzR2VOUjdaaDJQaFAwY25HOS1HcVJOc3VlWTNhUkV2UnF2aXlWWmc3?oc=5&hl=en-ID&gl=ID&ceid=ID:en,"{'href': 'https://investor.id', 'title': 'Investor.ID'}",Missing,Missing
"Siap IPO, Market Cap BREN Tembus Rp 100 Triliun Lampaui PGEO - Investor.ID","Siap IPO, Market Cap BREN Tembus Rp 100 Triliun Lampaui PGEO  Investor.ID",2023-09-15,https://news.google.com/rss/articles/CBMimAFBVV95cUxNM3F6X2VKMFB0X0QwSjJzQjFobFdQRGRzX2dfejlEWDgtSUVab0g5OUNVYlAtdE9iSHdZaTFXNDBGdXJnNEQycHNHdHBFMGZkd0RjdXN0djd0aFlrSUlMMno0OU5yQnJhRlk5dE9xOU5tQzJQNUZ6OGJSOHVLa0lLVFcwa2dfQ2p2OVpfdmJ3cU95YXgzanhleA?oc=5&hl=en-ID&gl=ID&ceid=ID:en,"{'href': 'https://investor.id', 'title': 'Investor.ID'}",Missing,Missing
"Sempat Hilang, Saham GGRP Milik Wanita Ini Dihibahkan ke Anaknya, Nilainya Besar - Investor.ID","Sempat Hilang, Saham GGRP Milik Wanita Ini Dihibahkan ke Anaknya, Nilainya Besar  Investor.ID",2023-09-15,https://news.google.com/rss/articles/CBMisgFBVV95cUxPWG9EVzhlNHRnOGlfS2I2MTZ4TkgzcFljN0p1VGM3cXlqNW9JdEZNNTIxTFdBZTMweHdZaEZfZVNCZE5oeHVHdHctOTI5U0FQUXdiV1JoMEVVRUlxc2ctZUwyVkktYzk3UTFTV0xkVjZFeVQwcGxQWnVDMS1QQXRvemZPd2RtUnhvVW82eU10bmlaN1BZakxXMmREUGhPY2ZJeUV4OGdKLUVweTVaX2ZPTXNB?oc=5&hl=en-ID&gl=ID&ceid=ID:en,"{'href': 'https://investor.id', 'title': 'Investor.ID'}",Missing,Missing
"Ada Kejutan Besar dari Bukalapak, Saham Bisa ke Rp 360 - Investor.ID","Ada Kejutan Besar dari Bukalapak, Saham Bisa ke Rp 360  Investor.ID",2023-08-28,https://news.google.com/rss/articles/CBMikAFBVV95cUxPUnZ6cXlEdWY0a25YNzdrUHNJYm1NcTlmWUlFeGhtREUxbDFQVENLbzQwMndidEVWZHFPd3FnN05VelF6MnZVN2xvU2E1ejdEY19zZVV0NzZwRkdsQjBlbjktUnFMdGpfamRkQS1fSGZGSDlfRnk2TU9zNkZXNkE5Q3JRTWNqdVNxN1RLS1N1dzQ?oc=5&hl=en-ID&gl=ID&ceid=ID:en,"{'href': 'https://investor.id', 'title': 'Investor.ID'}",Missing,Missing
"Saham Barito (BRPT) ke Level Tertinggi dalam Setahun Terakhir, Cek Fakta Kinerja Berikut - Investor.ID","Saham Barito (BRPT) ke Level Tertinggi dalam Setahun Terakhir, Cek Fakta Kinerja Berikut  Investor.ID",2023-08-27,https://news.google.com/rss/articles/CBMiuwFBVV95cUxQdEJWVGZDM1NEazhNYkNYYmNjNGkzYXBpZkszVGhVMkxpem9CUG41OUhCLUdyZXJxcFEwRzdBOFFjX2RuQ3IwbXBZc1lNLU1rY3ZybGNRVmVQYlVzdTJ0YVJIbUhKa3FjMklZYnNZblViSHpBeDQ5SEx5d21ZcGlld1FPT01rYlRWUFpVLUY4ZGRrWGgtTVNmSC1iNVhxUDZNMVdLRk4yUGxoUWl3YWhORHZpTVdKY0ZVZE9J?oc=5&hl=en-ID&gl=ID&ceid=ID:en,"{'href': 'https://investor.id', 'title': 'Investor.ID'}",Missing,Missing
"Parade Budaya Merah Putih, 1.500 Warga Antusias Pamerkan Busana Daerah - Investor.ID","Parade Budaya Merah Putih, 1.500 Warga Antusias Pamerkan Busana Daerah  Investor.ID",2023-08-27,https://news.google.com/rss/articles/CBMiqAFBVV95cUxOejhJSUVHOWJJbmdmX2FjUUNUUnRXcnpKUUhrUVp6NUQyVDZCcHVWc0ZMYnVQbE12dTZnVHlqNHJDM25MY0NxemUzREJFbmRiblJZaGs0dS1ua2ljcHpwQ2RubWdibTJtN0VvSFd0ekFtOEZYTmpVLW11ZVZmMFZYUzBrNm9rT2JKdWVRVzBRX014S01NOFFJaEZldHd0MXE1dmZiS255MEQ?oc=5&hl=en-ID&gl=ID&ceid=ID:en,"{'href': 'https://investor.id', 'title': 'Investor.ID'}",Missing,Missing
Info Terkini mengenai Kepemilikan Haji Robert di Petrosea (PTRO) - Investor.ID,Info Terkini mengenai Kepemilikan Haji Robert di Petrosea (PTRO)  Investor.ID,2023-08-24,https://news.google.com/rss/articles/CBMinAFBVV95cUxQalNuWXRyN0hXRjV2TzV5MktKQUFkc2RMdFpHNV9sTV9FZTRhRTFSNUpGMFEzdGNSMVgyUEtKaEFXd29fNzdJc1RaUEc3M2hSRGoyNXg1YzFVei00REdCNXhPQnBiekpoOGJWcFN5Z1E0NS1xdWFJRFVRUGJUR3FvRV9qLURnRUtrZlhITEtjY1hNREg3LW13NFo3SW4?oc=5&hl=en-ID&gl=ID&ceid=ID:en,"{'href': 'https://investor.id', 'title': 'Investor.ID'}",Missing,Missing
Pantau! BEI Buka Suspend Saham Emiten Prajogo Pangestu (CUAN) - Investor.ID,Pantau! BEI Buka Suspend Saham Emiten Prajogo Pangestu (CUAN)  Investor.ID,2023-08-24,https://news.google.com/rss/articles/CBMilwFBVV95cUxObGc4LWpDMzVRc2puVDE2bEVUVHVMRS1nNE1YS3VGX3dISE8xVXp5MEZFUTlkMFMyTi1CbzFCSDVZLVhwVzlTc3dQNXBPM0lPc285bXJiRVZsdTBsRTU1X3ZEdHJiYXN2ZENKMDRRMGJlalVINWlpXzh3Q3JWVWlZX0J0eDlSX1ExU2d6N29TNUNNQWFydlhj?oc=5&hl=en-ID&gl=ID&ceid=ID:en,"{'href': 'https://investor.id', 'title': 'Investor.ID'}",Missing,Missing
"Persaingan Mobil Listrik Makin Sengit, Ada Pergeseran Pemain Utama - Investor.ID","Persaingan Mobil Listrik Makin Sengit, Ada Pergeseran Pemain Utama  Investor.ID",2023-08-21,https://news.google.com/rss/articles/CBMiowFBVV95cUxOa2lPVjU1Zm8yYm92cTNBT09KVzRPWDRUZGk2Y244OXg1aS1qUlkwd25nRlEtM1BacUlWeDNJZ0FLVlJPZVNQVkRTYTBzU3RPcWw2eHJnN0hxa3lKNG9jRzdIeTJvVWFEZVZwaGlFUDFjX1dGejRmVkE1V2FIUTlXdU9IVEk5bHRuZFA4cmdGVTU1NmFvbDVBV3FyajgxOHdMRnRr?oc=5&hl=en-ID&gl=ID&ceid=ID:en,"{'href': 'https://investor.id', 'title': 'Investor.ID'}",Missing,Missing
"Perusahaan Happy Hapsoro Kuasai 20,51% Saham Petrosea (PTRO) - Investor.ID","Perusahaan Happy Hapsoro Kuasai 20,51% Saham Petrosea (PTRO)  Investor.ID",2023-07-25,https://news.google.com/rss/articles/CBMilAFBVV95cUxPVi1mdGN3Z3JpRWIwbHZERTY5S0lYQk5DbkEySDdEbUJUdmUtcVpZaXR0WVJ0LVFVT09JU3FWWG9obG5rbGotNnowbVpSOTZXckI5ZVpGbmR5cG5OT3RiMUdfMkswYUpYS3h0UTlNUTUxamVBY0hDb0RpQ3BFNnZwaktSOV92MWpoR0FPWEhDOXRzV2Fo?oc=5&hl=en-ID&gl=ID&ceid=ID:en,"{'href': 'https://investor.id', 'title': 'Investor.ID'}",Missing,Missing
Aksi Petrosea (PTRO) Jadi Mine Owner - Investor.ID,Aksi Petrosea (PTRO) Jadi Mine Owner  Investor.ID,2023-06-27,https://news.google.com/rss/articles/CBMid0FVX3lxTE9zUnZYb2JKWngwYkVEOXhqR21GZ2NWZFIyTmpjem9uQ0o1R2xwNHpnY3plTUJiYW1MNkVPUEVZYVJRd0lrSl94X0VVd0FwQVJYOWVZTG1nUG15U0o2Yk5GNlpGX3dmS196RUpZYmVGb2Q1Ym1SLTBF?oc=5&hl=en-ID&gl=ID&ceid=ID:en,"{'href': 'https://investor.id', 'title': 'Investor.ID'}",Missing,Missing
"2023, Petrosea Milik Haji Robert (PTRO) Targetkan Kontrak US$ 2,1 Miliar - Investor.ID","2023, Petrosea Milik Haji Robert (PTRO) Targetkan Kontrak US$ 2,1 Miliar  Investor.ID",2023-05-16,https://news.google.com/rss/articles/CBMiowFBVV95cUxPVGhvSlZxYjU1dVdrQ2tQUG8xa2tPSGNvNUVqTVFWeVM4cGtNRm4tUHEtaFVlMzA4ZS1XdTFhMmNTWXZRSGllZ3BTZlJoNURuUk92V0RjQUtGdkR3NWNWVlhKYW1yRUstb3hQTlkycC03YlRLMklIdDI5c0VTY2gwLXhoTWc4cWFqYWhfb2hOX0s3OEtFU0VPcl9sbzJXVHU5bmtn?oc=5&hl=en-ID&gl=ID&ceid=ID:en,"{'href': 'https://investor.id', 'title': 'Investor.ID'}",Missing,Missing
"Garap Megaproyek Petrokimia, Chandra Asri Siapkan Duit Rp 30 Triliun - Investor.ID","Garap Megaproyek Petrokimia, Chandra Asri Siapkan Duit Rp 30 Triliun  Investor.ID",2023-04-17,https://news.google.com/rss/articles/CBMiowFBVV95cUxQNTBLVkpnY3M2QVdzS2laTnMzckJnSmFqYUNuXzc3dER1VWgtRWF2RkNJS2l4NDZPTGZaZWRYV2o4ZGFfY2NGMTVtWkZ3RG5CMnJzZlVNRTJ2VVdSWGtRR2VvOUFOdzhfZnU2dDBHYURqWkZLZ3hLTk9hamZsTEdZV1Y3bTRKeTlvMy1Dd1NQckVkLWxoLXVpUWFzLXNma2xKT0U0?oc=5&hl=en-ID&gl=ID&ceid=ID:en,"{'href': 'https://investor.id', 'title': 'Investor.ID'}",Missing,Missing
Ssstt! Petrosea Milik Haji Robert (PTRO) Mau Kasih Surprise - Investor.ID,Ssstt! Petrosea Milik Haji Robert (PTRO) Mau Kasih Surprise  Investor.ID,2023-03-27,https://news.google.com/rss/articles/CBMilAFBVV95cUxQX2hleTFFVm12V3psQzE1YURidEIwQkFkTGNIRkdiaWJwTVdnTkFYcTUyWTVmRUI4ZEV1cTFUOGt3Z1NPbWVvX0JOOURUdVdaZ2QxeHhveHpUVjNyRU5MUVVZQ2NldEZ1N0lTVTR6S0NSRmIxc3k0MktwckR4bVQtTlBoQVFzbE1rajd1ajgycUJwTHU0?oc=5&hl=en-ID&gl=ID&ceid=ID:en,"{'href': 'https://investor.id', 'title': 'Investor.ID'}",Missing,Missing
Petinggi Petrosea (PTRO) Mundur - Investor.ID,Petinggi Petrosea (PTRO) Mundur  Investor.ID,2023-03-15,https://news.google.com/rss/articles/CBMicEFVX3lxTE9nWEp6SG5hRjlXckJWNVpWTUZyVXkxWEtDRWRsUkY2amNxb2gtRmFjbmQ2V1RERGFGWU1kVWM1dl96cWFyQ0NvYl9JczVocnlZc0RxTDlWRjh6a1hxM3Q4V1BTcjFhMEpRR1hNczBCWUo?oc=5&hl=en-ID&gl=ID&ceid=ID:en,"{'href': 'https://investor.id', 'title': 'Investor.ID'}",Missing,Missing
"Saham CUAN Kembali ARA, Kekayaan Prajogo Pangestu Kian Tebal - Investor.ID","Saham CUAN Kembali ARA, Kekayaan Prajogo Pangestu Kian Tebal  Investor.ID",2023-03-10,https://news.google.com/rss/articles/CBMiqwFBVV95cUxNZ3lGb3JYTk1kLUxlc05kQXFHTkU3QzJHT0d0anlQVU5NUHowUVdGYmxlMlExemVCSFZ3YWllYWgxM0VwUVBZWnRFWTlOTXFCZFI4SzNKZ2Y3dE8xSHVsMFdTZFN3YzVVc1h1dVJtS3g1UlR3VzAyc2dTeFJJNVNsaGFjWTM1OGdBMU5ieVFpdkJMNURpTWlrTi11ZEhDNFZRaXltSHRqc2FjRlk?oc=5&hl=en-ID&gl=ID&ceid=ID:en,"{'href': 'https://investor.id', 'title': 'Investor.ID'}",Missing,Missing
"Market Cap Petrindo (CUAN) Tembus Rp 3 T, Berapa Kekayaan Prajogo Pangestu? - Investor.ID","Market Cap Petrindo (CUAN) Tembus Rp 3 T, Berapa Kekayaan Prajogo Pangestu?  Investor.ID",2023-03-08,https://news.google.com/rss/articles/CBMiuwFBVV95cUxOSVk1M0p0M2dTaXViWG1DUWp3dVlha0sxOFd0VDhoRE00Yi05ckE5c0tiODNPV3gwRkdzZGFOTHBkLXNVeU0wT3VPZFh2TFY0YUVOQ1RDSHYtdExqX191OEdPMWt4UXJTbXM4c0lBazE1RkZoTjc1M0VoRXpKLV9fYU54UTZNaTdvTGphcHdpUXFjYXY4SDRPaFpCcXBRa2p1MVRKRTFES3ZrWlFDU3g5Nkxqa2t4ZExPQllF?oc=5&hl=en-ID&gl=ID&ceid=ID:en,"{'href': 'https://investor.id', 'title': 'Investor.ID'}",Missing,Missing
"Prospek Industri Kimia Menjanjikan Tahun Ini, Empat Saham Layak Jadi Bidikan - Investor.ID","Prospek Industri Kimia Menjanjikan Tahun Ini, Empat Saham Layak Jadi Bidikan  Investor.ID",2023-02-19,https://news.google.com/rss/articles/CBMiwAFBVV95cUxQRzlZTy1fdXVyNkszOTJRY2lNNUkxa0pJRUtxQ3U1ZnoxRk1zbEVxdkxidWRCUzdRZHpXRlhoVkVHYllZWXhfYUNKMkR5cEVMbFZ2VW5aTm90cm5VNzI1cmJlcTAtNlRrdVFzUFhlalgwNHlvUDZCbFRoUHJqRk5LUFlONmFVVlJYSWp0d2xfbnVuSkpfZVpUbi16cUJXcmg1eTZfb08yYmVxOUR1R0JGRTFMT25qOXVvOE56NlhnQWE?oc=5&hl=en-ID&gl=ID&ceid=ID:en,"{'href': 'https://investor.id', 'title': 'Investor.ID'}",Missing,Missing
Merapat! Perusahaan Batu Bara Prajogo Pangestu (CUAN) Mulai Bookbuilding - Investor.ID,Merapat! Perusahaan Batu Bara Prajogo Pangestu (CUAN) Mulai Bookbuilding  Investor.ID,2023-02-17,https://news.google.com/rss/articles/CBMiuAFBVV95cUxNcjd1THVhNE5UQXM1TFp3dlBkc3MyeldTbDJMempsTzhlVFBNQmNJVG9HdS11akI4cEtZcTJYcC1aQ3l4Wm10NnlYcUxzSjV4MTdyOGg5bTh0VnhtNGNJOEh2cUpfWWg5enRBWmhpUHJCdlpMUVlKZDJZRHlDQUpKUU16RHFzVVQ3R3Rqb0c0endxTms3SndvQkNlWm1ZbUJUOXRtWHhhZ0xnbEpHdmo1Tzg1MGJiZ2NC?oc=5&hl=en-ID&gl=ID&ceid=ID:en,"{'href': 'https://investor.id', 'title': 'Investor.ID'}",Missing,Missing
"Disokong Sosok Ini, Petrosea (PTRO) Bakal Kasih Kejutan Besar? - Investor.ID","Disokong Sosok Ini, Petrosea (PTRO) Bakal Kasih Kejutan Besar?  Investor.ID",2023-01-22,https://news.google.com/rss/articles/CBMiqgFBVV95cUxNVTJRMXd4QXhHUE9pVmtpTjRLbDJxT01zUTd5bW9BT3BNRmRhVExoUFRNdmVYQnpLSXRuUDQxSnA0SmJySmtVVnhiOGFKOV9HT2NpYXNnV25FQm1QdkVmZW1iSHJxN0J2dnZMOFNScmg0MndvOF9nekNLTEVzemtOa2FfUzJ1eFgwb1lfSHoycDllTjExVkVBZ1JtTnVYbHVwaS1fXzF4dEl2Zw?oc=5&hl=en-ID&gl=ID&ceid=ID:en,"{'href': 'https://investor.id', 'title': 'Investor.ID'}",Missing,Missing
Ssstt! Segini Jumlah Kekayaan Lo Kheng Hong Hasil Investasi Saham 30 Tahun Lebih - Investor.ID,Ssstt! Segini Jumlah Kekayaan Lo Kheng Hong Hasil Investasi Saham 30 Tahun Lebih  Investor.ID,2023-01-20,https://news.google.com/rss/articles/CBMixgFBVV95cUxQY0pnQlBiMlozRWtwRHpid2FtRmY0RTJzZTcteExlUWI4UUhXdmVMYXNBejJmMEM1U3R2cjZnUXlkdGRBazV6cTExUGtsQ2ZhekZ4TUc0Xy12eWVUMG9RMkNxS01GTmM3cXdsdFgzeW9icVZyWmNvV1J3bEhUVzVGUjJvTmdtM2ZGbzRQWHBRNXFYZy1IYzF2YWlRcnhtS0gxYlNzSm5NV3NuQzVLMTRaYlJRbExMb0hYek9IaGNTM0Y4YkM5Q2c?oc=5&hl=en-ID&gl=ID&ceid=ID:en,"{'href': 'https://investor.id', 'title': 'Investor.ID'}",Missing,Missing
"Mengapa Asing Terus-menerus Jual Saham? Ini Pemicunya, plus Arah IHSG - Investor.ID","Mengapa Asing Terus-menerus Jual Saham? Ini Pemicunya, plus Arah IHSG  Investor.ID",2023-01-11,https://news.google.com/rss/articles/CBMitAFBVV95cUxPbFhvWE9QSnFMVS1hY01qVG1GV3BaazZuLUsxaU1OdnVEOFp6dmJ3SkZZRVg0QVhHMU5xMk9JT3JmZWFzdHpkNzlDZ0h2OUdqZlF0NTNPeDJWcE5uNjFBVkU2MHR5Vl9DWnU1b0trcFF1dXptRWgybTZPMmVIaTVpWUhicm1fei1BNU1EaHAySW1ObXZrVnJ4SGhzVjdPQ2ZlX2RrMkZENFlZTXFyR255czZaT2U?oc=5&hl=en-ID&gl=ID&ceid=ID:en,"{'href': 'https://investor.id', 'title': 'Investor.ID'}",Missing,Missing
"Industri Petrokimia Masih Menarik, Ini Dua Saham Pilihannya... - Investor.ID","Industri Petrokimia Masih Menarik, Ini Dua Saham Pilihannya...  Investor.ID",2023-01-06,https://news.google.com/rss/articles/CBMiqgFBVV95cUxPVHZhRWk5V1VkYWpEd1ZwYVRFUFZWVjRKS0FndThob01xY3A4RU05U25ldUZqNFhwOFZQel9YY194di1EcTZxaW03cFpzVGRLY1IyN25lUzNNTWgwTUVqRHQtVUZwSktkOE1nanY3NXhDb0xkeFd2dVJ3c2pRemdLV3dtNDJyNWluZW4ySWZOSHFxSWdzcEtBNUQ0cTVlX1l3MEtGT1NvOWIyQQ?oc=5&hl=en-ID&gl=ID&ceid=ID:en,"{'href': 'https://investor.id', 'title': 'Investor.ID'}",Missing,Missing
Barito Pacific (BRPT) Buka-bukaan soal Tambah Kepemilikan di Aset Geotermal - Investor.ID,Barito Pacific (BRPT) Buka-bukaan soal Tambah Kepemilikan di Aset Geotermal  Investor.ID,2023-01-02,https://news.google.com/rss/articles/CBMivAFBVV95cUxNNXRMYkluekRZY2M2WjlSbDFXUjRnT3RjdzVBcDBrSnBCLVlvaEFqb1otZmsxUHNVUW4yMGQ0bExJcDlTaVJNdUpsR3lFNFVGdDdlY0l6czM0LUVlT1JKMkd2RlJEeGExRUVJVm5wWWpaaV9ob2xBb2tJMi1GX3VMZjhMZEh5RHZNWkh3cnkwd3kxdzA3cF9ZZlpuYVVzV0JxbXBqSGxqWXllekNwck9WVUktdDhrd2RYc2JDVQ?oc=5&hl=en-ID&gl=ID&ceid=ID:en,"{'href': 'https://investor.id', 'title': 'Investor.ID'}",Missing,Missing
"EGCO Lepas Saham Pembangkit Listrik ke Grup Barito (BRPT) Rp 7,6 Triliun - Investor.ID","EGCO Lepas Saham Pembangkit Listrik ke Grup Barito (BRPT) Rp 7,6 Triliun  Investor.ID",2022-12-28,https://news.google.com/rss/articles/CBMiuAFBVV95cUxNNnY2WTcyZ0dlLXVMZ20tOVB1dW1aaXRpcDV3Mi1fTXVxQnV0eG15a29fZk5nNFdKSFA3YVREUUh1VUpRamtOZHVMUjk5VThIbGs1d0drc2ctYk1Ga0FMVFhMSFZVOEticVk1SGU5VlBoemVLWmxHNkJlYmU2OTZsdFBBczNmUzAyRXJ1SWd0LVdobjdoMkNZQzR0dUJkV3lRYnpCeklRdk5DRlJxZk9qc2VmNmd0dTUx?oc=5&hl=en-ID&gl=ID&ceid=ID:en,"{'href': 'https://investor.id', 'title': 'Investor.ID'}",Missing,Missing
Chandra Asri (TPIA) Milik Prajogo Pangestu Jalankan Strategi Ini pada 2023 - Investor.ID,Chandra Asri (TPIA) Milik Prajogo Pangestu Jalankan Strategi Ini pada 2023  Investor.ID,2022-11-30,https://news.google.com/rss/articles/CBMivAFBVV95cUxNYUxrVzhwNXEwUVVfVUpMMzc4LTk2aWtwRGtEdkNVTlFsbksyVFdLS1pNYjlUc255dWVBOU1vcENjemlHVElMNnhZY1NKOFZPY3R5cG53TUMzMDVPOW5HVTNCU0J4cU9OckUwVGxDUTk5QnpraFNVVTlNeXUwSDVhdVZYY1FfUVh3M2FGRG10aFJEUkZlWW1Qd0x5NEtqY2c0SGN4WFIxcnJYZkRXQURiSW40Sm40YTQ1d011Xw?oc=5&hl=en-ID&gl=ID&ceid=ID:en,"{'href': 'https://investor.id', 'title': 'Investor.ID'}",Missing,Missing
"Barito Pacific (BRPT) Bentuk Entitas PT Baru, Untuk Apa? - Investor.ID","Barito Pacific (BRPT) Bentuk Entitas PT Baru, Untuk Apa?  Investor.ID",2022-09-27,https://news.google.com/rss/articles/CBMiogFBVV95cUxQaHIxUE04NjZIVFo5QmpPdlhraXlnd25rVUJkTTFBekNDTUZ6bG0wQVdsMHBJRWFzWHpyekI0Z3JYMjduOF81N3BsMEg1Qy0yU1BZS0syYThPQ0lTZTJhSGN1bWxuUl9feW40NXdsTmNkUzlvbE1fSmhmV2NJUXpNRGdVQjZwNjZDbzM1U2JqZVB5ZzUwUUhqTmxSb1Y2b09xRlE?oc=5&hl=en-ID&gl=ID&ceid=ID:en,"{'href': 'https://investor.id', 'title': 'Investor.ID'}",Missing,Missing
RUPSLB Petrosea Rombak Susunan Direksi dan Komisaris - Investor.ID,RUPSLB Petrosea Rombak Susunan Direksi dan Komisaris  Investor.ID,2022-09-02,https://news.google.com/rss/articles/CBMiogFBVV95cUxQZG1YbGd1bUNqVEJHQTBYeGVWWm9rMm94aVFyWEpPTUNFVnIxamlYVkg5bFlDVlN4Ynp1dXRIMnlkYTU0ZmVTMi0wYmFHLUxiTU1WdUFzUTVORlozdEJhNVNtYUUwMlFXd2pBVG1TZzBFOXJaelRHV1JwaUtxRkRKUllaQmxnTlpOVVpjWThwWEFYVGQ1LTJqc0VuYkVDLUExbGc?oc=5&hl=en-ID&gl=ID&ceid=ID:en,"{'href': 'https://investor.id', 'title': 'Investor.ID'}",Missing,Missing
"ARTO, HRUM, dan ITMG Masuk IDX30, EXCL dan Dua Saham Lainnya Tersingkir - Investor.ID","ARTO, HRUM, dan ITMG Masuk IDX30, EXCL dan Dua Saham Lainnya Tersingkir  Investor.ID",2022-07-26,https://news.google.com/rss/articles/CBMitwFBVV95cUxPdTdtZ2lUQVRmZnpVOHA4eWEzektid0libFNTMmwxTkRVaDJRa01NSHZZeUlWRE9CRlh3WU1hT1FrMXhsa0kyVkF4YmVyc1p1YWw5TlYteHVQOUdxeGtnMFZLanVjc3hPdmk0eVlzdUxjMWhyTW44Y3ZWOWdzeFJMRUZVbi05RnNiQk9hdDFFaWk4eWcwVEFPRjRmVE9hdk43aVdXS0ZFUnRURm5NMlU2RVNiMU1FVmM?oc=5&hl=en-ID&gl=ID&ceid=ID:en,"{'href': 'https://investor.id', 'title': 'Investor.ID'}",Missing,Missing
"11 Saham Masuk IDX80, Diantaranya AVIA dan SMDR - Investor.ID","11 Saham Masuk IDX80, Diantaranya AVIA dan SMDR  Investor.ID",2022-07-26,https://news.google.com/rss/articles/CBMimgFBVV95cUxNSmozbnd1bm5CazBZeXRpeGNwZkJEeVZ1ZElreEJBaFhVOXdUblNxd2JVbWFXM2xzUjVuTUV5dWJLZHUyZ0hJYmtiOHdzdE85ZEhQdTZfQ2JZZjZIeVJZU09SN1lYbEhpU3NUVWxuM0E5WG9KZl9zcGpmMTlrM0JGeW1YdXNfeTQ1T0JJVE00SkdOWXZZR0piYjRR?oc=5&hl=en-ID&gl=ID&ceid=ID:en,"{'href': 'https://investor.id', 'title': 'Investor.ID'}",Missing,Missing
"Ini Dia Saham-saham Penggerak Pasar di Bulan Juli, Kamu Punya? - Investor.ID","Ini Dia Saham-saham Penggerak Pasar di Bulan Juli, Kamu Punya?  Investor.ID",2022-07-24,https://news.google.com/rss/articles/CBMiqwFBVV95cUxNcVhGS3oyRHhTbUY3bmFFYmFwdFNlU3BtUXd4djRlTmRaNmhicXV3Y01VSXNkQV9iNGtLdFQxWWNJdWFOMmR5R3dPbXR0X1p3Q2p6S0tOUjVMbVlVTTNhQlYtOURIMnRHZlcwV0VSNTZPWll6a0ZnSXRhaVFqWDIxMWhJS3gyRm9QWTJuVmNHc2RqYVAzaVRaN283blB0Y01UUkJtZkZOY3FpYUU?oc=5&hl=en-ID&gl=ID&ceid=ID:en,"{'href': 'https://investor.id', 'title': 'Investor.ID'}",Missing,Missing
Barito Pacific(BRPT) Catat Laba Konsolidasi Tumbuh 30% - Investor.ID,Barito Pacific(BRPT) Catat Laba Konsolidasi Tumbuh 30%  Investor.ID,2022-05-18,https://news.google.com/rss/articles/CBMioAFBVV95cUxNNmVLcmZNZkZPd2s0ZFlRUEhLOEFOWUJaV0NlVUpqNDFfNFF2Tmx4cUtFUktWcWdTX3JscUJIOTZmUmxiMl8tZ09rNk9xR01NUzNHVlZoWlN2VjBIOUJISjFoYi0wWDJMc3pOOUVUejRuZE5iSlowT2pfdzdKeWVQLTd6Zm5zYlptdFVOdHlUSm4wUE5sZFBjSnFYOHhWbVBf?oc=5&hl=en-ID&gl=ID&ceid=ID:en,"{'href': 'https://investor.id', 'title': 'Investor.ID'}",Missing,Missing
Prajogo Pangestu Akuisisi Saham Star Energy US$ 440 Juta - Investor.ID,Prajogo Pangestu Akuisisi Saham Star Energy US$ 440 Juta  Investor.ID,2022-03-10,https://news.google.com/rss/articles/CBMipgFBVV95cUxPcmV0N1RFRXRrNlpYUWtTMm5zRFhXeERxd3d4TXRnSVNuMkZxdGVvZFdWdlFlTE1Sbmt2QmliVGdPeFc2aE1uR0tPWEZuRUtoMV9MWlhoQm1Pa3k5Ym5QbmpsYUdOTkR2N3ZEWDBuaFdzRTNadzhRRFZ3LTMyT2pVemZKQlJHLXF2eWJCOTk0UEV1WC1VcUs1NUx4WEFZYzBQUkNaeWtR?oc=5&hl=en-ID&gl=ID&ceid=ID:en,"{'href': 'https://investor.id', 'title': 'Investor.ID'}",Missing,Missing
"Berlaku Mulai Hari Ini, 477 Saham Masuk Indeks Syariah - Investor.ID","Berlaku Mulai Hari Ini, 477 Saham Masuk Indeks Syariah  Investor.ID",2022-03-10,https://news.google.com/rss/articles/CBMiowFBVV95cUxOTy1tVHF5cWRjdG90dUpnV3Y3WFYzRUZGNGgtNXZHTHQ1ZGgxMGJFRVVwaWJfUi1fVVIwT1l3RElaU1BfMmRUZTJudk1oSWswNmJuenpfbUoyR3pPY25FY2ZqUTZPMDI4V0xaVzZFTHVHSmg2aTlqdThOSFRoODMzcERtVVd5QXhsOXEwa0hld3VfQzlIYm5rMFQ5QVlLUC1rdDhR?oc=5&hl=en-ID&gl=ID&ceid=ID:en,"{'href': 'https://investor.id', 'title': 'Investor.ID'}",Missing,Missing
"Tiga Megaproyek Petrokimia Pangkas Impor US$ 2,8 Miliar - Investor.ID","Tiga Megaproyek Petrokimia Pangkas Impor US$ 2,8 Miliar  Investor.ID",2022-01-11,https://news.google.com/rss/articles/CBMikwFBVV95cUxPYU9sMmdZRTlYZERuQWozY3gwUGJPMXVsbk1FdlpSR2dIMzdYb0lKaEExX2F4T05GaFdCZVZHNndoMHBzb0cxR3pEcDVtSVl6NHVDWS1YUTI0VU51RHhXTExrQnlrWk5SM3FDSUdrN0ZkcEUwRV9ZaXE0eGRjcGExWVZlclNheE5TWXJ2YVpBaDRpb28?oc=5&hl=en-ID&gl=ID&ceid=ID:en,"{'href': 'https://investor.id', 'title': 'Investor.ID'}",Missing,Missing
Prajogo Pangestu Tambah Kepemilikan Saham di Barito Pacific (BRPT) - Investor.ID,Prajogo Pangestu Tambah Kepemilikan Saham di Barito Pacific (BRPT)  Investor.ID,2022-01-06,https://news.google.com/rss/articles/CBMisgFBVV95cUxNVk1CaWhwekVjWkFxeDg3c2F3emxwaWRKY2Y5WnVSaVpwNEdBdUI1dXBDaVdKTW5kczBXNVVWcjlGT0VZUi1wZUdzQ2E1TEQtQ2NqYmdET3VXYVpyczYwVmp5bU5RdmpnOENYbHRjOGdDZGNHYV8zREpPVExoRUtIWjFkbzg5bWpzZzdFMF8zV0xjVVB2MnhMaGhTWUd6dUVkLUZwaWdtZW9BOVhtaWtlS1RR?oc=5&hl=en-ID&gl=ID&ceid=ID:en,"{'href': 'https://investor.id', 'title': 'Investor.ID'}",Missing,Missing
Saham Teknologi dan Bank Digital akan Kuasai Top Gainers 2022 - Investor.ID,Saham Teknologi dan Bank Digital akan Kuasai Top Gainers 2022  Investor.ID,2022-01-05,https://news.google.com/rss/articles/CBMirgFBVV95cUxNTnRHa040ejgxS2paeW1XTTFqdVM0cXA4dmZOTENtLWd3RHVhSUExV0R3Umx6bE9Hajdabi03NUVMZkN5QnRYRlZYTmNwbGJEamZMREU2TVFRd29QT1VtOVJpOUh6eHZHRk1EZzg4LURIV2FfamNqV3ZCeFFNRVlZZ3IyMEZTTFV3eUh5SjlIemFsanpRcS1WOEdxZHNacUw1SDF5dGlmMnFheUtLSUE?oc=5&hl=en-ID&gl=ID&ceid=ID:en,"{'href': 'https://investor.id', 'title': 'Investor.ID'}",Missing,Missing
"Ditanya Investor soal IPO Star Energy, Begini Jawaban Barito Pacific - Investor.ID","Ditanya Investor soal IPO Star Energy, Begini Jawaban Barito Pacific  Investor.ID",2021-10-22,https://news.google.com/rss/articles/CBMitgFBVV95cUxQbDVwV3VGTXI3UW9MNzV6SG5EZ0w4enlOYjhDVHRUU2FKS0Z6czNsb0s0bC1nQ0JqWU5kdC16ZEI1TDlUNzdpRmE1aTE5SV9lRnFGNmk3Q3poRC1nLXdoaERjZG9pQ3Q0aHM3bGVSZXFoTkpkSUZiXzdlSjBZcGdibW5QMGFZaFdhQnVrSDR6VzlyWllTanAtZjBPT0F0Z1k0T1k2YnJ0VUo0QTFCQlVZUzhhOE1pdw?oc=5&hl=en-ID&gl=ID&ceid=ID:en,"{'href': 'https://investor.id', 'title': 'Investor.ID'}",Missing,Missing
Prajogo Pangestu Akan Lepas Saham Chadra Asri ke Top Investment - Investor.ID,Prajogo Pangestu Akan Lepas Saham Chadra Asri ke Top Investment  Investor.ID,2021-08-25,https://news.google.com/rss/articles/CBMiqgFBVV95cUxOZk5GVmYwRGFaSmVaRjlNeUJyUmZXbFhHYmxEUWVzQVYtYjlzem9qdGVIVVJydmdaVWhrUU1yT1h1OTJoRGlCcU9fWDNkc0RaR3RDYmJXa2Q3Znl2WE5BeXpVLUJ1Wm9WS2FoTTh5em4xd09yUllPNVlLc3RHT2NEendwNXJMdHloYUR1bFB2dXBiZ0VjU3lHbWVCY2ptM2ZiUWlrd01ma3lodw?oc=5&hl=en-ID&gl=ID&ceid=ID:en,"{'href': 'https://investor.id', 'title': 'Investor.ID'}",Missing,Missing
Pasar Modal Jadi Motor Pemulihan - Investor.ID,Pasar Modal Jadi Motor Pemulihan  Investor.ID,2021-08-12,https://news.google.com/rss/articles/CBMihwFBVV95cUxQYW8tT002eUd5bVpqSm1RZ0VSMEZfWExMNG9VYllVUHZFT05ndVRvN1JFNldvcldKRHNYT0std0xXdVhsdWYzVURIOWRqMk82clZ2ZEFzNjIxM0N4TjRGczd0TFA2VjdsU2t1Q2JhN2xBSGZsOHJ4WDlBRGI5NnVaR3o5Y3Vlalk?oc=5&hl=en-ID&gl=ID&ceid=ID:en,"{'href': 'https://investor.id', 'title': 'Investor.ID'}",Missing,Missing
Ekspansi Barito Pacific dan Pemulihan Harga produk Petrokimia - Investor.ID,Ekspansi Barito Pacific dan Pemulihan Harga produk Petrokimia  Investor.ID,2021-03-09,https://news.google.com/rss/articles/CBMirgFBVV95cUxOb1BuZVc1VWtCc2NFaTVIcXdoQWV5NnJFTktzSjBhRm90cXBvcTNZV0lqRU5nM2VyOUg0dlNOeXY5NFlOcnNiMFZOYlFZVk9DZklpT1NUdWMwY1JzclZ4TUJmV3c4R0xvaWVuR19hSTVlY2dsNEFyQmUxTjk2WEhvMWFWWG5lcTVfanRjN3JIYU9fVUxWTmRMdUhoNklLOEE0dU9WQWxFelUxUDgyTUE?oc=5&hl=en-ID&gl=ID&ceid=ID:en,"{'href': 'https://investor.id', 'title': 'Investor.ID'}",Missing,Missing
Menunggu Bunga Kredit Turun - Investor.ID,Menunggu Bunga Kredit Turun  Investor.ID,2021-02-19,https://news.google.com/rss/articles/CBMickFVX3lxTE9KN0U4Q2pvRmxqb0hCR0J5NE85M1hHdHJYXzVXTTV6Vm5hd2NXd2Q3R3BCWVFKaENCRDNXTDNrbHJoTEVvWDVLb0hnWGVxaHlWa2dLVGxjVWx5SFR6enFzcTRrTFVnWmhyWk9rbkpqOWNsZw?oc=5&hl=en-ID&gl=ID&ceid=ID:en,"{'href': 'https://investor.id', 'title': 'Investor.ID'}",Missing,Missing
"Dahsyat, Begini Ekspansi Besar-besaran Barito Pacific Senilai US$ 8,3 Miliar - Investor.ID","Dahsyat, Begini Ekspansi Besar-besaran Barito Pacific Senilai US$ 8,3 Miliar  Investor.ID",2021-02-08,https://news.google.com/rss/articles/CBMivAFBVV95cUxPdmZzMWsxam1VWVpNTFlScEpOUEVaSWVmcEpOTi1UUDhzdVlVYU54RGpIQ2NIb2FseDBORnUwQnlUeVhXZGdrSG1Rd203bXl0dFFKUEVUTXVyb1M3OFRIaFZZQ1ZMUmFEQzF0V21xOVZQZFJBZDVrMmFWcnVBWmVMWXZQeTMwdEJzbkFQVHNoUDE1QU1iTnpuQjFrT0FjLVNlM1pmVFk4bXdwRFJRNWtUdG5wWTRNZ3RKd2N1MQ?oc=5&hl=en-ID&gl=ID&ceid=ID:en,"{'href': 'https://investor.id', 'title': 'Investor.ID'}",Missing,Missing
Barito Pacific Ekspansi Pembangkit Listrik Tenaga Panas Bumi - Investor.ID,Barito Pacific Ekspansi Pembangkit Listrik Tenaga Panas Bumi  Investor.ID,2020-11-20,https://news.google.com/rss/articles/CBMirAFBVV95cUxQNTQ4OG5fcDBXN0FYY2NTbHRkNUNHOWRJZURLay1vYzVBcURTOGpXZW8zbU5FRHo3ZjNNQlNBOU04Q1JLSHNabXhvclhiWmV3VDktcC1RbzBDd1F4N21WRlFBLUY4UzREZzZmSFZTZ01hUXNXbXFUa1h2ckhMRkU4RnBOTnVRRngySktlYktvdlVvRlZJS0dORGpkUEhzcUVOTzRFejl2RXpXbkZL?oc=5&hl=en-ID&gl=ID&ceid=ID:en,"{'href': 'https://investor.id', 'title': 'Investor.ID'}",Missing,Missing
Dividen Star Energy Naikkan Likuiditas Barito Pacific - Investor.ID,Dividen Star Energy Naikkan Likuiditas Barito Pacific  Investor.ID,2020-10-22,https://news.google.com/rss/articles/CBMiowFBVV95cUxQdVk4NTY5NUptQ1FSckx3bHA5ODFpLTlpUm9Oc2VnR3hlLU5ZMDNJQThrcTZyTjdQTm03bHRYUTVHRS1JZ0FYVFBQUXRHQnFSNUVoNkRIYzhBMG4wdW8zYW9kTUNfNnJKMjUzUWYwdVZEQkR1SGpBd3VhOHA3OFJ1dHVzNGJ3WmVBSkpsaDNYNmpvQ0NCeHRlVC1TWVczVm1RSHJF?oc=5&hl=en-ID&gl=ID&ceid=ID:en,"{'href': 'https://investor.id', 'title': 'Investor.ID'}",Missing,Missing
"Barito Pacific Beri Pinjaman US$ 252,7 Juta ke Indo Raya Tenaga - Investor.ID","Barito Pacific Beri Pinjaman US$ 252,7 Juta ke Indo Raya Tenaga  Investor.ID",2020-07-17,https://news.google.com/rss/articles/CBMirgFBVV95cUxNQVdUTUtvckFsc0tQamV6MV9PcUtaeUpoSDhqdWpwTlhFX1I0UWxvVGtfRG5scnBuTGQ2aWI5Um9JM19VVWZac1RVblRoMXZMQVdTLUhFNWo0TlBra1RRNXpJNnpJX0xnOGRiRmtEbVJtUy15d19OQThNNGpMb1owYi00bUg5c2lDOVY5YzA5WTY0X01hN1QzcjRydlpWbkhwaVFSV2RKR0QwSkxrRVE?oc=5&hl=en-ID&gl=ID&ceid=ID:en,"{'href': 'https://investor.id', 'title': 'Investor.ID'}",Missing,Missing
Prajogo Pangestu Belanja Saham BRPT Rp 650 Miliar - Investor.ID,Prajogo Pangestu Belanja Saham BRPT Rp 650 Miliar  Investor.ID,2020-06-22,https://news.google.com/rss/articles/CBMingFBVV95cUxOX0lfZVJnQXJqTGViMmZOTzdXaG85QmV2Y1hDcVdWRGNXVXMxQ0RGdk9RN3A4UThhSV9vb0lNS3RHWGRVVm01SWhDRFFQWGlnTlM4R3YtTjViLWxJTkNzVzVGR3lXM1k0SjdfZ3VfTEtSMXRtRlIydHNqQTlfaDF0RG9abmNHOVZHWGN1TG9ILXhDWnRtNUpnYmtWSmFQQQ?oc=5&hl=en-ID&gl=ID&ceid=ID:en,"{'href': 'https://investor.id', 'title': 'Investor.ID'}",Missing,Missing
Barito Pacific Jajaki Akuisisi Aset Geotermal - Investor.ID,Barito Pacific Jajaki Akuisisi Aset Geotermal  Investor.ID,2019-09-30,https://news.google.com/rss/articles/CBMimAFBVV95cUxOOEdNYTlYYWZXc0xxbndRQkFxd3ZQc3ltYTRXWGszRFJHSi1nQnpyaWFpUkxKZERaWkJKYUNEbjBEYkxhVm82dDdkRXh6Z09rc2xDVWt3bUFNdEdNRVBQUW5MQWZjc1hkSzd5ckREcDVZN1RzMUZJTk9GR2NtbkRVRldVWmFpR1FEQUg1TW1DdV8xYWhxY1l4ZA?oc=5&hl=en-ID&gl=ID&ceid=ID:en,"{'href': 'https://investor.id', 'title': 'Investor.ID'}",Missing,Missing
Barito Pacific Bangun Aliansi Bisnis dengan Samko Group - Investor.ID,Barito Pacific Bangun Aliansi Bisnis dengan Samko Group  Investor.ID,2019-09-19,https://news.google.com/rss/articles/CBMipgFBVV95cUxQb1VKTUlsUWlXX0lMN0dreTBiUmRnNnBpR2VWMWJfZXZsYnZaSW1XbzRCTnFDSVNPdnNiRzhRZkd5TnJRY0ZJQlRkWEtWMG1EWEVjeGU2NlYwc0luNkxubVJkbkZlbHhuaFZnUG9lSEI1UmUxcFhpbEJINmJPN3RWX3hRSHVIV09FbUswcDYtaVNHSDZtM2NmMlRoSjVwUGJ1ek1xWm9B?oc=5&hl=en-ID&gl=ID&ceid=ID:en,"{'href': 'https://investor.id', 'title': 'Investor.ID'}",Missing,Missing
Modernland Cilejit Hadirkan Klaster Pasai - Investor.ID,Modernland Cilejit Hadirkan Klaster Pasai  Investor.ID,2019-09-07,https://news.google.com/rss/articles/CBMigwFBVV95cUxOd3ZtVkFBdVNuUzkxYkhJSmpPVkNLUWhvcXRMYU52XzUxTEYzWE9pMXV1QTMzckdrRWVja05yRjJTRjA3a2swR0d6dlhqdEthV2tCUG51VmRCVHUzSENhdVRraVoyVWhHM3ZwQk5LOXUzMlQ1MTVFeFh4ZXd2U0Z5TkdwZw?oc=5&hl=en-ID&gl=ID&ceid=ID:en,"{'href': 'https://investor.id', 'title': 'Investor.ID'}",Missing,Missing
Saham Syariah Salip IHSG dan LQ45 - Investor.ID,Saham Syariah Salip IHSG dan LQ45  Investor.ID,2019-08-29,https://news.google.com/rss/articles/CBMiiAFBVV95cUxNS2pYaUtyNjNuZm8xRXZqd1g3dkU0eTg1WkpCT3U0VzVLRXl3MDRxQUZBRS04RDdPSzUxSmpaOG9VNzRIejVMY0UwVFJkMlF0T0FOUWUzekZ6cmFHRFF3amR5SkFEdU5ZOGFKaHZ1eGtsX0hqYWFrV0tIenlONzhKUkhGQTZQSlNt?oc=5&hl=en-ID&gl=ID&ceid=ID:en,"{'href': 'https://investor.id', 'title': 'Investor.ID'}",Missing,Missing
LG International Akuisisi Kebun Sawit Barito Pacific - Investor.ID,LG International Akuisisi Kebun Sawit Barito Pacific  Investor.ID,2018-11-16,https://news.google.com/rss/articles/CBMinAFBVV95cUxNQnBoRzhqV255S3hEc1NaZG1FRS1wdndrRVhTYVljVVRqdkpGbllFaktHQ0xrdHJPbGRqMVNuSW9EQmJ1Nk9rN21TYmtQTGZaVXM1VVhDRFZrcWhvS2hKVUNlNVZfVW53UlY1UUVEb0I4aUduQ0Uza3E5TVhMeFpVQmlzTldqSE8wdTVDcDdTVXVwYkdHWWlNMmFWZk0?oc=5&hl=en-ID&gl=ID&ceid=ID:en,"{'href': 'https://investor.id', 'title': 'Investor.ID'}",Missing,Missing
