,published_date,title,publisher,kode_emitten
0,2018-09-09,"Fokus dorong digital, BNI gencar kerjasama dengan fintech",Kontan,BBNI
1,2018-10-07,"BNI Incar Kenaikan FBI eChannel 13 Persen Jadi Rp1,7 Triliun",Bisnis,BBNI
2,2018-10-14,"Pendapatan fee digital banking BNI sudah capai Rp 1,2 triliun",Kontan,BBNI
3,2018-10-18,"Dongkrak dana murah, ini strategi yang dilakukan BNI",Kontan,BBNI
4,2018-11-22,BNI Berencana Pakai AI dan BIG Data pada 2020,Bisnis,BBNI
5,2018-11-27,"BNI Cs Kucurkan Dana Rp 13,7 T Untuk Proyek Tol Semanan",CNBC Indonesia,BBNI
6,2018-12-03,BNI Sediakan Layanan untuk Nasabah Disabilitas,Bisnis,BBNI
7,2018-12-17,"Jelang Natal 2018, BNI Salurkan 1.500 Paket Sembako Murah",CNBC Indonesia,BBNI
8,2018-12-17,BNI Sediakan Fitur Tambahan di Mobile Banking,Bisnis,BBNI
9,2018-12-18,BNI Dukung Percepatan Pemkab Malang Jadi Smart City,Bisnis,BBNI
10,2019-01-11,BNI targetkan bisnis cash management tumbuh hingga 30% di tahun 2019 ini,Kontan,BBNI
11,2019-01-16,Kredit Pensiun BNI Melesat 94%,Bisnis,BBNI
12,2019-01-23,"Persaingan Ketat, BNI akan Naikan Suku Bunga Kredit",CNBC Indonesia,BBNI
13,2019-01-23,"Tahun Ini, BNI Incar Akuisisi Bank & Asuransi Kerugian",CNBC Indonesia,BBNI
14,2019-01-23,"Laba BNI Tahun 2018 Capai Rp15,02 Triliun",Bisnis,BBNI
15,2019-01-30,"Berikut tiga sektor yang menyumbang hapus buku BNI sebesar Rp 7,4 triliun di 2018",Kontan,BBNI
16,2019-02-05,"Merger Rampung, BNI & BCA Jadi Pemegang Saham Bank BTPN",CNBC Indonesia,BBNI
17,2019-02-14,"Laba BNI Syariah 2018 Mencapai Rp416,08 Miliar",Bisnis,BBNI
18,2019-02-17,BNI Syariah memberi kontribusi terbesar pada pendapatan Bank BNI,Kontan,BBNI
19,2019-02-19,BNI Perkuat Layanan di Myanmar,Bisnis,BBNI
20,2019-02-25,Catat! BNI Tidak Naikan Bunga KPR Tahun Ini,CNBC Indonesia,BBNI
21,2019-03-03,BNI bidik transaksi Tapcash Rp 600 miliar di BNI Java Jazz 2019,Kontan,BBNI
22,2019-03-04,Ulasan Kinerja Bank BNI: Terbaik di Kelasnya,CNBC Indonesia,BBNI
23,2019-03-04,BNI Masih Audisi Bank BUKU II untuk Dijadikan Bank Digital,Bisnis,BBNI
24,2019-03-11,Simak! Direktur BNI Beberkan Rencana & Target 2019,CNBC Indonesia,BBNI
25,2019-03-19,Market Cap Bank Mandiri & BNI Naik Paling Tinggi Pekan Lalu,CNBC Indonesia,BBNI
26,2019-03-20,Alih Tugas dan Fungsi Pegawai BNI Mencapai 60 Persen,Bisnis,BBNI
27,2019-03-21,TNI AD Gandeng BNI Salurkan Tunjangan Prajurit,Bisnis,BBNI
28,2019-03-22,Bank BNI jadi sponsor Stasiun MRT Dukuh Atas selama 10 tahun,Kontan,BBNI
29,2019-03-23,"Bisnis KTA, BNI Rencanakan Skema Pinjaman di Bawah Rp5 Juta",Bisnis,BBNI
30,2019-03-28,BNI Kediri Pacu Transaksi Keagenan dengan Hadiah,Bisnis,BBNI
31,2019-03-29,"Untuk Danai Kredit, BNI Terbitkan NCD Rp 950 M",CNBC Indonesia,BBNI
32,2019-03-31,"Bank BNI ikut pembiayaan sindikasi Rp 26,72 triliun sepanjang kuartal I-2019",Kontan,BBNI
33,2019-04-02,BNI Buka Kantor di Universitas Negeri Makassar (UNM),Bisnis,BBNI
34,2019-04-07,Ammana Kerja Sama Dengan Bank BNI Syariah,CNBC Indonesia,BBNI
35,2019-04-10,Ini Strategi BNI Jaga Kualitas Kredit,Bisnis,BBNI
36,2019-04-16,Begini progres dari rencana akuisisi yang akan dilakukan BNI dan BTN di tahun ini,Kontan,BBNI
37,2019-04-18,"BNI Dorong Kredit Pertanian, Ini Strateginya",Bisnis,BBNI
38,2019-04-24,"Rencana IPO BNI Syariah tahun ini kemungkinan akan ditunda, kenapa?",Kontan,BBNI
39,2019-04-30,Ridwan Kamil Pilih Direktur Penyelamatan dan Penyelesaian Kredit BNI Pimpin BJB,Bisnis,BBNI
40,2019-05-08,Lima Mitra Binaan BNI Ramaikan Gelar Batik Nusantara 2019,Bisnis,BBNI
41,2019-05-13,"Tak Ada Direksi yang Diganti, BNI Hanya Rombak Komisaris",CNBC Indonesia,BBNI
42,2019-05-13,Ini Dua Profil Komisaris Anyar Bank BNI,CNBC Indonesia,BBNI
43,2019-05-16,"Laba BNI Cabang London naik 12,71% pada April 2019",Kontan,BBNI
44,2019-06-01,"Cek Persiapan Mudik, Direksi BNI Turun ke Lapangan",CNBC Indonesia,BBNI
45,2019-06-01,"Ini jadwal layanan operasional BCA, Bank Mandiri, BRI dan BNI saat libur Lebaran",Kontan,BBNI
46,2019-06-07,Selama Lebaran Kantor Cabang BNI Luar Negeri Beroperasi Penuh,CNBC Indonesia,BBNI
47,2019-06-12,"Ada Kantor BNI di Pusat Demo Hong Kong, Bagaimana Nasibnya?",CNBC Indonesia,BBNI
48,2019-06-16,Bank BNI Masih Kaji Rencana Revisi RBB 2019,Bisnis,BBNI
49,2019-06-25,BNI Gandeng Kyodai Remittance Tingkatkan Transaksi di Jepang,Bisnis,BBNI
50,2019-06-26,LAPORAN DARI JEPANG : Pelayanan BNI Osaka Diperluas,Bisnis,BBNI
51,2019-06-27,"Bidik nasabah tajir, BNI rilis kartu kredit Visa Signature",Kontan,BBNI
52,2019-06-27,BNI Visa Signature Rilis Kartu Kredit Contactless,Bisnis,BBNI
53,2019-07-03,BNI Mobile Banking,Kontan,BBNI
54,2019-07-04,BNI dan Bank Mandiri kian gencar salurkan kredit mikro,Kontan,BBNI
55,2019-07-06,Start-up Lyfe Gandeng BNI Hadirkan Jam Tangan Pembayaran Pertama di Indonesia,Bisnis,BBNI
56,2019-07-16,BNI Wilayah Manado Lakukan Pergantian Pemimpin,Bisnis,BBNI
57,2019-07-18,"Simak Penilaian Fitch terhadap Bank Mandiri, BRI, dan BNI",Kontan,BBNI
58,2019-07-19,BNI-JAL Beri Promo Menarik Liburan ke Jepang Sampai AS,CNBC Indonesia,BBNI
59,2019-07-23,"Laba BNI Semester I/2019 Tumbuh 2,7 Persen",Bisnis,BBNI
60,2019-07-24,"Kurs Dolar, Euro di Bank Mandiri & BNI Hari Ini, Mana Lebih Murah?",Bisnis,BBNI
61,2019-07-29,"Sawit Sumbermas Sarana (SSMS) Gaet Pinjaman dari BNI Rp 1,13 Triliun",Kontan,BBNI
62,2019-07-30,Ini Strategi BNI Gaet Milenial untuk Menabung,CNBC Indonesia,BBNI
63,2019-08-05,"Antisipasi pemadaman listrik, BNI siapkan genset di ATM",Kontan,BBNI
64,2019-08-07,"Layani TKI, Biaya Transfer BNI Hong Kong Termurah Sedunia",CNBC Indonesia,BBNI
65,2019-08-07,BNI Akrabkan Perbankan Digital ke Pekerja Migran di Hong Kong,Bisnis,BBNI
66,2019-08-07,BNI dorong perbankan digital pada pekerja migran di Hong Kong,Kontan,BBNI
67,2019-08-07,"Biaya Lebih Murah, BNI Perkuat Remitansi dari TKI Hong Kong",CNBC Indonesia,BBNI
68,2019-08-08,BEI Jatuhkan Peringatan ke BNI Sekuritas,CNBC Indonesia,BBNI
69,2019-08-13,BNI Manado Target Akuisisi 2.000 Merchant Baru,Bisnis,BBNI
70,2019-08-17,"Bantu WNI di Jepang, Kini di BNI Osaka pun Bisa Buka Rekening",CNBC Indonesia,BBNI
71,2019-08-20,BNI bidik transaksi QR code capai 20% dari total transaksi EDC tahun depan,Kontan,BBNI
72,2019-08-22,"Dana kelolaan DPLK BNI mencapai Rp 22,9 triliun hingga Juli 2019",Kontan,BBNI
73,2019-08-22,"Susul Bank Mandiri (BMRI), Bank BNI (BBNI) Ikut Kucurkan Kredit Untuk Perakit iPhone",Kontan,BBNI
74,2019-08-23,Kejutan Bagi Nasabah di Bulan Layanan BNI Wilayah Malang,Bisnis,BBNI
75,2019-08-27,Siap-siap! Bakal Ada Direksi BNI yang Diganti Pekan Ini,CNBC Indonesia,BBNI
76,2019-08-30,"BNI gelar RUPSLB hari ini, bagaimana nasib jajaran direksinya?",Kontan,BBNI
77,2019-08-30,"Perombakan direksi bank BUMN berlanjut, Ario Bimo jadi direktur termuda di BNI",Kontan,BBNI
78,2019-08-30,"Pindah dari Bank Mandiri, Askolani Jadi Komisaris BNI",CNBC Indonesia,BBNI
79,2019-08-30,"Achmad Baiquni Tetap Dirut, Direksi BNI Dirombak",CNBC Indonesia,BBNI
80,2019-08-30,"Kenalkan Ario Bimo, Milenial yang Jadi Direktur Keuangan BNI",CNBC Indonesia,BBNI
81,2019-08-31,"Mau gunakan BNI Syariah Mobile Bank, ini cara registrasinya",Kontan,BBNI
82,2019-09-02,"Catur Digeser dari BNI ke BRI, Ini Alasannya",CNBC Indonesia,BBNI
83,2019-09-06,BNI Wilayah Palembang Incar Pertumbuhan Nasabah 12 Persen,Bisnis,BBNI
84,2019-09-12,"Ogah ke ATM, top up TapCash BNI bisa lewat BNI Mobile Banking",Kontan,BBNI
85,2019-09-13,"BNI & Shinhan Bank Berikan Kredit ke J Resources Rp 3,23 T",CNBC Indonesia,BBNI
86,2019-09-15,BNI Syariah Bidik Kemudahan Buka Rekening Masjid via Pelatihan Manajemen,Bisnis,BBNI
87,2019-09-20,"Di Indonesia Festival, BNI Ajak UMKM Tembus Pasar Korea",CNBC Indonesia,BBNI
88,2019-09-20,"BNI Bali Salurkan KUR Rp1,8 Triliun",Bisnis,BBNI
89,2019-09-24,Tugas Berat Menanti Direktur Milenial BNI,Bisnis,BBNI
90,2019-09-27,BNI Borong Dua Penghargaan di Bidang Tresuri,CNBC Indonesia,BBNI
91,2019-09-28,"Kartu Debit BNI Citilink Dirilis, Travelling Makin Mudah",CNBC Indonesia,BBNI
92,2019-10-01,"Menabung di BNI tanpa antre, setor duit lewat ATM bisa",Kontan,BBNI
93,2019-10-03,6000 Pelari Siap Bersaing di BNI ITB Ultra Marathon,CNBC Indonesia,BBNI
94,2019-10-06,"Permudah pekerja migran, BNI Tokyo beri layanan buka rekening tanpa harus ke cabang",Kontan,BBNI
95,2019-10-09,"Didukung Teknologi, BNI Ajak Petani Terapkan Smart Farming",CNBC Indonesia,BBNI
96,2019-10-09,"Hadirkan Gerakan Menyongsong Pertanian 4.0, BNI Ajak Petani Terapkan Smartfarming",Bisnis,BBNI
97,2019-10-15,"Dipangkas lagi, ini bunga deposito terbaru BCA, Bank Mandiri, BNI dan BRI",Kontan,BBNI
98,2019-10-15,"Likuiditas Bank BNI Ketat, Ini Rekomendasi Analis untuk Saham BBNI",Kontan,BBNI
99,2019-10-17,BNI Siap Kucurkan Kredit Wirausaha ke 250.000 Reseller Tiphone,Bisnis,BBNI
100,2019-10-23,"Laba bersih Bank BNI naik 4,7% jadi Rp 12 triliun di kuartal III 2019",Kontan,BBNI
101,2019-10-24,"Bank Negara Indonesia (BNI) naikkan rasio pencadangan jadi 159,2% di kuartal III-2019",Kontan,BBNI
102,2019-10-25,"Hingga Kuartal III/2019, Laba Bersih BNI Syariah Naik 50 Persen",Bisnis,BBNI
103,2019-10-28,"11 Ribu Rekening Dibuka Menggunakan BNI Sonic, Apa Tuh?",CNBC Indonesia,BBNI
104,2019-10-31,BNI Syariah dan Telkomsel Kerja Sama Pembiayaan Umrah,Bisnis,BBNI
105,2019-11-06,"Presiden Jokowi minta bank turunkan bunga kredit, BNI timbang dulu biaya dana",Kontan,BBNI
106,2019-11-08,BNI Fasilitasi Mendapatkan 'Nomor Cantik' Kendaraan Secara Online,Bisnis,BBNI
107,2019-11-12,BNI Syariah Launching Kartu Platinum di 14th The IFSB Summit,CNBC Indonesia,BBNI
108,2019-11-13,BNI fasilitasi pembayaran hak tanggungan online,Kontan,BBNI
109,2019-11-16,BBNI (BANK BNI TBK),CNBC Indonesia,BBNI
110,2019-11-18,Strategi BNI Asset Management Raih Pertumbuhan AUM 43%,CNBC Indonesia,BBNI
111,2019-11-19,Bank BNI masih menjadi jawara penyaluran kredit sindikasi,Kontan,BBNI
112,2019-11-21,"Tekuk Althaf, Christopher Lolos ke Final BNI Tennis Open 2019",CNBC Indonesia,BBNI
113,2019-11-22,Aksi Ganda Putra David & Anton di Final BNI Tennis Open 2019,CNBC Indonesia,BBNI
114,2019-11-24,BNI Syariah Kerja Sama Pembiayaan dengan Pemprov Aceh,Bisnis,BBNI
115,2019-11-27,"Parkir di Bandara Pekanbaru Berlaku Nontunai, Bank BNI Siapkan TapCash",Bisnis,BBNI
116,2019-11-27,"Ada LinkAja, BNI Batal Kerja Sama dengan Alipay-WeChat",CNBC Indonesia,BBNI
117,2019-11-28,"Layanan Digital, Nasabah BNI Life Bisa Cairkan Klaim 25 Menit",CNBC Indonesia,BBNI
118,2019-12-01,BNI Manfaatkan Cabang Luar Negeri Galang Dana Murah,Bisnis,BBNI
119,2019-12-01,"Lewat Cabang London, BNI Cari Alternatif Pendanaan",CNBC Indonesia,BBNI
120,2019-12-02,"5 Berita Populer Finansial, BNI Manfaatkan Cabang Luar Negeri Galang Dana Murah dan Bank Kecil Lebih Selektif Salurkan Kredit",Bisnis,BBNI
121,2019-12-04,Top! BNI Raih The Best Corporate Secretary and Communication,CNBC Indonesia,BBNI
122,2019-12-11,"BNI Syariah Gandeng Kuwais, Sediakan Aplikasi Pembayaran Thawaf",Bisnis,BBNI
123,2019-12-19,"Persiapan Nataru, BNI Sediakan Uang Tunai Rp 16,9 T/Minggu",CNBC Indonesia,BBNI
124,2019-12-19,Transaksi E-Channel BNI Selama Liburan Nataru Diproyeksikan Naik 25 Persen,Bisnis,BBNI
125,2020-01-03,Utang Jiwasraya ke BNI Lunas,Bisnis,BBNI
126,2020-01-03,Transaksi kartu kredit Bank BNI dan CIMB Niaga tumbuh signifikan tahun 2019,Kontan,BBNI
127,2020-01-08,BNI Syariah Tawarkan Program Umrah Bertabur Hadiah dan Fasilitas Mewah,Bisnis,BBNI
128,2020-01-16,"Perkuat Mental, Jakarta BNI 46 Bidik Gelar Juara Proliga 2020",CNBC Indonesia,BBNI
129,2020-01-17,"Semester I/2020, BNI Syariah Bakal Tambah Dua Outlet Baru di Sumut",Bisnis,BBNI
130,2020-01-20,"BNI Salurkan KUR Rp17,8 Triliun pada 2019",Bisnis,BBNI
131,2020-01-22,BNI Pertimbangkan Buka Cabang di Kamboja dan Vietnam,CNBC Indonesia,BBNI
132,2020-01-23,BNI Kaji Tambah Kantor Cabang di Kamboja dan Vietnam,Bisnis,BBNI
133,2020-01-23,BNI Tengah Mengincar Bank Kecil untuk Diakuisisi,Bisnis,BBNI
134,2020-01-29,BNI Kembali Salurkan Bansos Hingga KUR Graduasi KPM di 2020,CNBC Indonesia,BBNI
135,2020-02-03,"Virus Corona: Kirimkan 25.000 Masker ke Hong Kong, Erick Thohir Apresiasi BNI",Bisnis,BBNI
136,2020-02-06,Saluran Kredit BNI Balikpapan Ditargetkan Naik 15 Persen,Bisnis,BBNI
137,2020-02-06,"Kolaborasi BNI & PWI, Ajak Wartawan Kenali UKM Kalsel Sukses",CNBC Indonesia,BBNI
138,2020-02-07,Ini Cara BNI Melestarikan Kain Sasirangan Khas dari Kalsel,CNBC Indonesia,BBNI
139,2020-02-14,"Bank BNI Juga Punya ATM Pecahan Rp20.000, di Sini Tempatnya",Bisnis,BBNI
140,2020-02-18,BNI Dorong Eksportir Tembus Jepang Lewat BNI Smart Trade,CNBC Indonesia,BBNI
141,2020-02-20,"Jadi Bos Baru BNI, Siapa Herry Sidharta?",CNBC Indonesia,BBNI
142,2020-02-20,"Resmi, Dua Mantan Bankir BRI Jadi Direksi BNI",CNBC Indonesia,BBNI
143,2020-02-20,"Beredar Kabar, Agus Martowardojo akan Jadi Komut BNI",CNBC Indonesia,BBNI
144,2020-02-20,"Di Depan DPR, Erick Jelaskan Arah Bisnis Mandiri, BRI & BNI",CNBC Indonesia,BBNI
145,2020-02-20,Erick Thohir Jelaskan Alasan Agus Marto Jadi Komut BNI,CNBC Indonesia,BBNI
146,2020-02-20,"Bakal Jadi Komut BNI, Ini Sepak Terjang Agus Martowardojo",CNBC Indonesia,BBNI
147,2020-02-20,"Gelar RUPST Siang Ini, Dirut BNI Bakal Diganti?",CNBC Indonesia,BBNI
148,2020-02-20,"Herry Sidharta Pimpin BNI, Ini Susunan Lengkap Direksi",Bisnis,BBNI
149,2020-02-20,"Perombakan Direksi BNI, Apakah Achmad Baiquni Diganti?",Bisnis,BBNI
150,2020-02-24,BNI Syariah Resmikan Relokasi Kantor Cabang Veteran Makassar,Bisnis,BBNI
151,2020-02-24,BNI Raih Penghargaan Remitansi Terbaik ASEAN ke-11 Kali,CNBC Indonesia,BBNI
152,2020-02-24,"Baru Seumur Jagung, Kenapa Direktur Milenial BNI Diganti?",Bisnis,BBNI
153,2020-02-25,"Kinerja Bank BNI Bakal Terhambat, Analis Tetap Rekomendasikan Beli Saham BBNI",Kontan,BBNI
154,2020-02-28,"Di BNI Java Jazz Festival 2020, BNI Kenalkan 6 TapCash Baru",CNBC Indonesia,BBNI
155,2020-02-29,Ini Dia Promo Bunga Kredit Murah di BNI Java Jazz Festival,CNBC Indonesia,BBNI
156,2020-03-03,"Disokong BNI, Kain Tenun NTT Siap Masuk New York",CNBC Indonesia,BBNI
157,2020-03-04,"Remunerasi Bank BUMN 2019: BNI Naik, BTN Turun",Bisnis,BBNI
158,2020-03-04,"Dari Garut, Usaha Jaket Kulit Binaan BNI Ini Merambah Ekspor",CNBC Indonesia,BBNI
159,2020-03-04,"Dibina BNI, Sepatu Lukis Asal Jogja Menembus Ekspor 3 Benua",CNBC Indonesia,BBNI
160,2020-03-05,"Isi Kantong Petinggi BRI, Mandiri, BNI, dan BTN, Siapa Paling Tebal?",Bisnis,BBNI
161,2020-03-16,"Pegawai Positif Corona, BNI Tekan Penyebaran dan Atur Sistem Kerja",Bisnis,BBNI
162,2020-03-16,"Tekan Penyebaran COVID-19, BNI Atur Sistem Kerja",CNBC Indonesia,BBNI
163,2020-03-19,BNI Mobile Banking Siaga 24 Jam untuk Layani Transaksi,CNBC Indonesia,BBNI
164,2020-03-23,"Belajar di Rumah, BNI & Ruangguru Siapkan Hadiah Rp 200 Juta",CNBC Indonesia,BBNI
165,2020-03-24,"BNI Cabang Luar Negeri Tetap Beroperasi, Nasabah Diimbau Bertransaksi Online",Bisnis,BBNI
166,2020-03-25,"Physical Distancing, BNI Alihkan Layanan Sebagian Cabang",CNBC Indonesia,BBNI
167,2020-03-27,"BNI Siapkan Skema Restrukturisasi Kredit, Ini Syaratnya",CNBC Indonesia,BBNI
168,2020-03-27,BNI Syariah Peduli Terhadap Meluasnya Penyebaran Virus Corona,Bisnis,BBNI
169,2020-03-28,"Physical Distancing, TKI di Singapura Manfaatkan BNI MoRe",CNBC Indonesia,BBNI
170,2020-03-30,BNI Syariah Siapkan Skema Keringanan Pembiayaan Nasabah Terdampak Corona,Bisnis,BBNI
171,2020-03-30,Mengukur Peluang BNI Setelah Virus Corona Berlalu,CNBC Indonesia,BBNI
172,2020-04-01,Uang pensiun Taspen bisa diambil di ATM Bank BNI,Kontan,BBNI
173,2020-04-07,BNI Naikkan Limit Transfer Mobile Banking Jadi Rp 200 Juta,CNBC Indonesia,BBNI
174,2020-04-09,Pegawai BNI Ikut Galang Bantuan Melawan COVID-19,Bisnis,BBNI
175,2020-04-15,"Bedah Teknikal & Fundamental BNI, Benarkah Sudah Murah?",CNBC Indonesia,BBNI
176,2020-04-15,Calon Peserta Kartu Pra-Kerja Bisa Buka Rekening BNI di Rumah,CNBC Indonesia,BBNI
177,2020-04-22,"Dari 1997 ke 2020, BNI Melewati Berbagai Krisis",CNBC Indonesia,BBNI
178,2020-04-23,Perhatian! Ini Jam Operasional BNI Selama Ramadan,Bisnis,BBNI
179,2020-04-23,"Selama Ramadan, BNI Berlakukan Jam Operasional Baru",CNBC Indonesia,BBNI
180,2020-04-28,Ini 9 Keuntungan Bila Buka Rekening Kartu Prakerja di BNI,Bisnis,BBNI
181,2020-04-28,Ini Cara Gampang Buka Rekening BNI Penerima Kartu Prakerja,Bisnis,BBNI
182,2020-04-29,"Buka Rekening Kartu Prakerja BNI, Bebas Biaya & Setoran Nol Rupiah!",Bisnis,BBNI
183,2020-05-01,"Berkah Ramadan, BNI Sebar 125.000 Paket ke Seluruh Indonesia",CNBC Indonesia,BBNI
184,2020-05-10,"Per April 2020, BNI Salurkan Bansos Rp5,4 Triliun",Bisnis,BBNI
185,2020-05-11,Butuh uang tunai mendesak? Tarik tunai kartu kredit BNI saja di ATM dengan cara ini,Kontan,BBNI
186,2020-05-11,"BNI Rilis Sertifikat Deposito Rp1,39 Triliun",Bisnis,BBNI
187,2020-05-13,"Cek! Ini Bunga Deposito BRI, Bank Mandiri, BNI, BCA, dan CIMB Niaga",Bisnis,BBNI
188,2020-05-13,"Ramadan-Lebaran 2020, BNI Siapkan Uang Tunai Rp10,24 Triliun Per Minggu",Bisnis,BBNI
189,2020-05-16,"Di Masa Pandemi, Pengguna BNI Mobile Banking Meningkat 84 Persen",Bisnis,BBNI
190,2020-05-20,"Sambut Lebaran, BNI Syariah Siapkan Uang Tunai Rp2,1 Triliun",Bisnis,BBNI
191,2020-05-21,"Karyawan BNI Sisihkan THR Rp 130,2 M untuk Tangkal Covid-19",CNBC Indonesia,BBNI
192,2020-05-22,Transaksi Daring Kartu Kredit Syariah BNI Naik 49 Persen,Bisnis,BBNI
193,2020-05-25,BNI dan Bank Mandiri Siap Adaptasi New Normal dengan Strategi Digital,Bisnis,BBNI
194,2020-05-28,"New Normal, Ini Cara Baru Tarik Tunai Tanpa Kartu di ATM BNI",CNBC Indonesia,BBNI
195,2020-05-29,BNI Siapkan APD bagi Petugas Pos Penyalur Bansos Tunai,CNBC Indonesia,BBNI
196,2020-06-06,Viral! Kisah Nasabah Tuli Dapat Pengalaman Unik di BNI,CNBC Indonesia,BBNI
197,2020-06-07,"Risiko Kredit Berpotensi Memburuk, Bank BNI Fokus Restrukturisasi",Bisnis,BBNI
198,2020-06-11,"IHSG Goyang! Saham Mandiri, BNI, BRI & BCA Terjun Bebas",CNBC Indonesia,BBNI
199,2020-06-15,"Lawan Corona, Pegawai BNI Galang Donasi Rp 10 M dari Uang THR",CNBC Indonesia,BBNI
200,2020-06-19,"1 Direksi Tak Lolos Fit & Proper, BNI Penuhi Keputusan OJK",CNBC Indonesia,BBNI
201,2020-06-19,"Wadirut BNI Tak Lolos Fit And Proper OJK, Ini Sikap Perseroan",Bisnis,BBNI
202,2020-06-21,BNI Ajak Pekerja Migran Indonesia di Korsel Berinvestasi,CNBC Indonesia,BBNI
203,2020-06-21,BNI Ajak Pekerja Migran Indonesia di Korea Selatan Mulai Berinvestasi,Bisnis,BBNI
204,2020-06-22,Bikin bangga! Alumni UGM borong jabatan Direksi di Bank BNI,Kontan,BBNI
205,2020-06-25,"BRI, Mandiri, BNI & BTN Raih Rp 30 T, Saham Mana Paling Cuan?",CNBC Indonesia,BBNI
206,2020-06-29,Jangan Kudet! Kini Bisa Top Up TapCash BNI Lewat GoPay,CNBC Indonesia,BBNI
207,2020-07-01,"Wadirut BNI Tak Lolos Fit and Proper Test, Dirut Jelaskan Langkah Selanjutnya",Bisnis,BBNI
208,2020-07-02,"Wajib pakai PIN untuk transaksi, simak sederet tawaran diskon kartu kredit dari BNI",Kontan,BBNI
209,2020-07-04,"Rayakan HUT di Tengah Pandemi, BNI Satukan Energi Optimis untuk Indonesia",Bisnis,BBNI
210,2020-07-08,"Riwayat BNI, Perjuangan Si “Anak Kandung Republik”",Bisnis,BBNI
211,2020-07-08,"Peran BNI, Sejarah yang Berulang",Bisnis,BBNI
212,2020-07-09,"Blak-Blakan Mantan Bos BNI soal Kasus Pembobolan Dana Rp1,7 Triliun",Bisnis,BBNI
213,2020-07-09,"Jejak pembobol Rp 1,7 triliun BNI, ini detil kasus lengkap dan mereka yang terlibat",Kontan,BBNI
214,2020-07-09,"Buronan kasus L/C tertangkap, begini komentar BNI",Kontan,BBNI
215,2020-07-09,"Ditangkap, Ini Cerita Maria Pauline Lumowa Bobol BNI Rp1,7 T",CNBC Indonesia,BBNI
216,2020-07-10,"Kronologi lengkap kasus Maria Pauline Lumowa, pembobol BNI Rp 1,7 triliun",Kontan,BBNI
217,2020-07-13,BNI Bank Internasional Terbaik,Bisnis,BBNI
218,2020-07-14,BNI Dukung Kemudahan Bisnis 400 Investor Jepang di Indonesia,CNBC Indonesia,BBNI
219,2020-07-17,Mengukur Prospek Kinerja Keuangan dan Saham BBNI di Tengah Pandemi,Kontan,BBNI
220,2020-07-19,"Semester I/2020, Layanan Remitansi BNI di Luar Negeri Naik Signifikan",Bisnis,BBNI
221,2020-07-23,"Lewat BNI Griya, Penghasilan Rp 2 Juta Pun Bisa Dapat Rumah",CNBC Indonesia,BBNI
222,2020-07-28,"Bersiap, pelaku UMKM bisa daftar NPWP di mobile banking BNI",Kontan,BBNI
223,2020-07-29,"Berstatus Full Bank License, BNI Singapura Punya Layanan Lengkap",Bisnis,BBNI
224,2020-08-01,BNI Perkuat Pembiayaan Dolar AS di Cabang New York,Bisnis,BBNI
225,2020-08-03,"Optimalkan Full Bank License, BNI Singapura Meningkat Pesat",CNBC Indonesia,BBNI
226,2020-08-04,BNI dan Bank Mandiri Atur Strategi Tingkatkan Dana Murah,Bisnis,BBNI
227,2020-08-14,"Pacu Bisnis Internasional di 6 Kantor Cabang, BNI Go Global untuk Indonesia",Bisnis,BBNI
228,2020-08-18,"Kredit BNI Masih Tumbuh 5% di Semester I-2020, Ini Rinciannya",CNBC Indonesia,BBNI
229,2020-08-19,"Membandingkan kinerja BBNI, BBRI dan BMRI",Kontan,BBNI
230,2020-08-20,"Wah, Pembayaran Minimum Kartu Kredit BNI Kini Hanya 5 Persen dari Total Tagihan",Bisnis,BBNI
231,2020-08-31,BNI Dukung Program Bantuan Presiden Produktif untuk Usaha Mikro,Bisnis,BBNI
232,2020-09-01,Berembus Kabar Royke Tumilaar Gantikan Herry Sidharta Jadi Dirut BNI,Bisnis,BBNI
233,2020-09-02,"Royke Tumilaar ditunjuk menjadi Dirut BNI, begini kata Bank Mandiri",Kontan,BBNI
234,2020-09-02,Kementerian BUMN Ungkap Alasan Tunjuk Royke Tumilaar jadi Dirut BNI,Bisnis,BBNI
235,2020-09-02,"Lima Bankir Senior Mandiri Pindah ke BNI, Ini Penjelasan Royke Tumilaar",Bisnis,BBNI
236,2020-09-02,"Ada Kabar, Bos Bank Mandiri Akan Memimpin Bank BNI",Kontan,BBNI
237,2020-09-02,"Sah! Royke Tumilaar Jadi Dirut BNI, Gantikan Herry Sidharta",CNBC Indonesia,BBNI
238,2020-09-02,"Royke Tumilaar jadi Dirut Bank BNI, begini susunan komisaris dan direksi perseroan",Kontan,BBNI
239,2020-09-02,"Sah Jadi Nakhoda BNI, Ini Profil Royke Tumilaar",Bisnis,BBNI
240,2020-09-02,"Ikut Bedol Desa, Ini Profil 3 Eksekutif Bank Mandiri yang Jadi Direktur BNI",Bisnis,BBNI
241,2020-09-02,"5 Berita Populer Finansial, Berembus Kabar Royke Tumilaar Gantikan Herry Sidharta Jadi Dirut BNI dan Menguak ...",Bisnis,BBNI
242,2020-09-02,"Diboyong ke BNI, Ini Profil Silvano Rumantir Bankir Muda Kaya Pengalaman",Bisnis,BBNI
243,2020-09-02,"Hijrah ke BNI, Royke Tumilaar Dikabarkan Bawa Silvano Rumantir",Bisnis,BBNI
244,2020-09-02,Sah! Royke Tumilaar dan 4 Bankir Senior Bank Mandiri Ini Pindah ke BNI,Bisnis,BBNI
245,2020-09-02,"Jadi Bos Baru BNI, Siapa Royke Tumilaar?",CNBC Indonesia,BBNI
246,2020-09-02,Royke Tumilaar Jadi Dirut Baru BNI,CNBC Indonesia,BBNI
247,2020-09-02,"Jadi Bos Baru BNI, Royke Tumilaar Mau Sinergikan BNI-Mandiri",CNBC Indonesia,BBNI
248,2020-09-02,Bedol Desa! 5 Bankir Mandiri Jadi Direksi Bank BNI,CNBC Indonesia,BBNI
249,2020-09-02,Terkuak! Ini Alasan Erick Thohir Geser Royke Jadi Dirut BNI,CNBC Indonesia,BBNI
250,2020-09-02,"Royke Jadi Bos BNI, Hery Gunardi Jadi Plt Dirut Bank Mandiri",CNBC Indonesia,BBNI
251,2020-09-02,"5 Bankir Mandiri Digeser ke BNI, Ini Kata Royke Tumilaar",CNBC Indonesia,BBNI
252,2020-09-02,Royke Tumilaar Pindah dari Bank Mandiri ke BNI. Turun Kasta?,Bisnis,BBNI
253,2020-09-03,"Perjalanan karier Royke Tumilaar, Direktur Utama BNI",Kontan,BBNI
254,2020-09-03,"Profil David Pirzada, Direktur Manajemen Risiko BNI",Kontan,BBNI
255,2020-09-03,"Lompat dari SVP BMRI Jadi Direktur BBNI, Ini Kata Pengamat soal Muhammad Iqbal",Bisnis,BBNI
256,2020-09-03,"Resmi Jadi Penyalur KUR, BNI Syariah Target Rp700 Miliar",Bisnis,BBNI
257,2020-09-04,"Pengurus BNI Dirombak, Ini Nama-Nama Direktur yang Pamit",Bisnis,BBNI
258,2020-09-04,Catat! Begini Cara Daftar BNI Internet Banking,CNBC Indonesia,BBNI
259,2020-09-07,"Survei Bank Asing di Jepang, BNI Naik ke Peringkat 29 Laba Terbesar",Bisnis,BBNI
260,2020-09-09,"Direksi BNI Dirombak, Apakah Ada yang Salah di Kinerja?",CNBC Indonesia,BBNI
261,2020-09-11,"Ternyata, Segmen Korporasi Jadi Penyelamat Kinerja BNI",CNBC Indonesia,BBNI
262,2020-09-18,"Ada pinjaman modal bisa tanpa agunan dari BNI, ini syarat dan bunga KUR mikro BNI",Kontan,BBNI
263,2020-09-23,"Wealth Management BNI Sesuai Target, Produk Deposito Tumbuh Paling Tinggi",Bisnis,BBNI
264,2020-09-24,Isi Ulang BNI TapCash Kini Bisa Lewat Aplikasi Jenius,Bisnis,BBNI
265,2020-09-24,"Tak Perlu Antre ATM, Kini Top Up BNI TapCash Bisa di Jenius",CNBC Indonesia,BBNI
266,2020-09-24,"Hanya Hitungan Menit, Ini Cara Top Up BNI Tapcash via Jenius",CNBC Indonesia,BBNI
267,2020-10-05,Mantap! Menara BNI Pejompongan Jadi Bangunan Ramah Pesepeda,CNBC Indonesia,BBNI
268,2020-10-05,Menara BNI Pejompongan Jadi Bangunan Ramah Pesepeda,Bisnis,BBNI
269,2020-10-07,"Aktivitas Ekonomi Masih Terbatas, Begini Skenario BNI Pada Permodalan",Bisnis,BBNI
270,2020-10-09,"IHSG diprediksi menguat terbatas, simak pergerakan saham PTBA, BBNI dan WIKA",Kontan,BBNI
271,2020-10-13,"BRISyariah, BSM & BNI Syariah Merger! Begini Tahapannya",CNBC Indonesia,BBNI
272,2020-10-13,"BRI, BMRI & BNI Jadi Pemegang Saham Bank Syariah Terbesar RI",CNBC Indonesia,BBNI
273,2020-10-26,Erick Thohir Tunjuk Eks Direktur BNI Jadi Bos Jamkrindo,Bisnis,BBNI
274,2020-10-26,"Sambut Hari Sumpah Pemuda, BNI Gelar UMKM Muda Virtual Week Spesial",Bisnis,BBNI
275,2020-10-26,"Wirausaha Sosial, BNI Gelar UMKM Muda Virtual Week Spesial",CNBC Indonesia,BBNI
276,2020-10-28,"Sikat Gan! Lelang Rumah Sitaan BNI di Jakarta Timur, Harga Mulai Rp200-an Juta",Bisnis,BBNI
277,2020-11-02,"Keren Nih, di BNI Bisa Magang di Luar Negeri",CNBC Indonesia,BBNI
278,2020-11-06,BNI Syariah Bukukan Laba Bersih Rp387 Miliar Kuartal III 2020,Bisnis,BBNI
279,2020-11-12,Bos BNI Cerita Bisnis Bank Saat Mulai Lepas dari Efek Covid,CNBC Indonesia,BBNI
280,2020-11-17,"BCA, CIMB Niaga, BRI, dan BNI Tawarkan KTA dengan Bunga Menarik",Bisnis,BBNI
281,2020-11-17,"Dana Kelolaan BNI Asset Management Tembus Rp24,64 Triliun",Bisnis,BBNI
282,2020-11-18,Go Global! Mimpi BNI Bisa Saingi UOB Singapura,CNBC Indonesia,BBNI
283,2020-11-23,Ini tindak lanjut BNI atas 4 temuan BPK terkait penyaluran KUR bermasalah tahun 2019,Kontan,BBNI
284,2020-11-24,BNI dan Bank Mandiri terbuka beri kredit ke guru,Kontan,BBNI
285,2020-11-27,"Kalahkan 32 Perusahaan, BNI Jadi Developer API Portal Terbaik",CNBC Indonesia,BBNI
286,2020-12-03,Uji Strategi & Kinerja Bisnis Korporasi BNI di Tahun Pandemi,CNBC Indonesia,BBNI
287,2020-12-03,"Ada Pandemi, BNI Jaga Pertumbuhan Kredit di Kisaran 4%",CNBC Indonesia,BBNI
288,2020-12-07,"Butuh Kredit Tanpa Agunan? Ini Syarat Pinjam di BCA, BNI, dan CIMB Niaga",Bisnis,BBNI
289,2020-12-07,BNI Optimis Kredit Korporasi Terus Tumbuh Hingga Akhir Tahun,Bisnis,BBNI
290,2020-12-08,"Obral Kuota KUR Akhir Tahun! Ini Cara Mengajukan di BRI, BNI, dan Bank Mandiri",Bisnis,BBNI
291,2020-12-10,Bank BNI Raih Penghargaan The Best Corporate Communication,CNBC Indonesia,BBNI
292,2020-12-14,"Fokus Bank BNI Digiring ke Bisnis Internasional, Kata Analis Saham BBNI Masih Menarik",Kontan,BBNI
293,2020-12-21,"BNI Siapkan Uang Tunai Rp14,5 Triliun, Penuhi Kebutuhan Nasabah saat Libur Nataru",Bisnis,BBNI
294,2020-12-21,"Libur Akhir Tahun, BNI Aktifkan Hingga 201 Outlet",CNBC Indonesia,BBNI
295,2020-12-22,BNI: Pandemi Covid-19 Mempercepat Digitalisasi UMKM,CNBC Indonesia,BBNI
296,2020-12-23,"BNI Tebar Promo Akhir Tahun, dari Diskon hingga Bebas Angsuran Pokok",Bisnis,BBNI
297,2020-12-23,"Suku Bunga Deposito BCA, Mandiri, BNI, dan BRI. Tertinggi 3,5 Persen",Bisnis,BBNI
298,2020-12-24,"BNI (BBNI) Tunjuk Mucharom Sekretaris Perusahaan, Ini Profilnya",Bisnis,BBNI
299,2020-12-24,Mau Kirim Kado Digital? Yuk Cobain Fitur Terbaru dari BNI,CNBC Indonesia,BBNI
300,2020-12-25,BNI Tebar Bingkisan Damai Untuk Warga di Daerah Terpencil,CNBC Indonesia,BBNI
301,2020-12-28,"Syarat Dapat KUR di BRI, Bank Mandiri, dan BNI. Mari Simak!",Bisnis,BBNI
302,2020-12-29,Cash Management BNI Juara 1 dalam Penghargaan Euromoney,CNBC Indonesia,BBNI
303,2021-01-02,Nasabah Emerald BNI Tumbuh 12 Persen Didukung Layanan Wealth Manajemen,Bisnis,BBNI
304,2021-01-04,Canggih! Ujicoba Smartfarming BNI Ditebar di 5 Provinsi,CNBC Indonesia,BBNI
305,2021-01-10,BNI Tetap Penuhi Kebutuhan Transaksi Keuangan di Wilayah PPKM,Bisnis,BBNI
306,2021-01-14,3 Jurus BNI Dalam Dongkrak Bisnis Konsumer di 2021,CNBC Indonesia,BBNI
307,2021-01-14,"Digempur Maraknya Bank Digital, Ini Jurus BNI Bersaing",CNBC Indonesia,BBNI
308,2021-01-15,"Kelola Aset, Taspen Percayakan pada Kustodian BNI",CNBC Indonesia,BBNI
309,2021-01-29,"Dengan Transformasi, BNI Yakin Kinerja 2021 Lebih Baik",CNBC Indonesia,BBNI
310,2021-01-29,"Pandemi, Laba Bersih BNI Capai Rp 3,3 T di 2020",CNBC Indonesia,BBNI
311,2021-01-30,"Kinerja BNI tahun 2020 susut, keuntungan turun 78,7%",Kontan,BBNI
312,2021-02-01,"Perkuat Penetrasi KPR, BNI Gandeng Agung Sedayu Group",CNBC Indonesia,BBNI
313,2021-02-12,Potensial! Ini Tantangan & Peluang BNI Garap Pasar Milenial,CNBC Indonesia,BBNI
314,2021-02-15,Bisnis Internasional Bank Negara Indonesia (BBNI) tumbuh solid pada 2020,Kontan,BBNI
315,2021-02-15,"Transaksi Mobile Banking BNI Capai Rp 466 T, Naik Hampir 50%",CNBC Indonesia,BBNI
316,2021-02-16,"Inklusi Keuangan, Kinerja BNI Agen46 Meningkat di Era Pandemi",CNBC Indonesia,BBNI
317,2021-02-18,"Ramah Lingkungan, Portfolio Green Banking BNI Tembus Rp 139 T",CNBC Indonesia,BBNI
318,2021-02-19,"LDR Longgar, BNI Punya Modal Kuat Ekspansi Kredit di 2021",CNBC Indonesia,BBNI
319,2021-02-22,Ini Sejumlah Faktor yang Bikin BNI Kuat Hadapi 2021,CNBC Indonesia,BBNI
320,2021-02-23,"Menghitung Potensi Cuan dari Saham BBNI, Simak Yah!",CNBC Indonesia,BBNI
321,2021-02-24,"Ibarat Tabungan, CKPN BNI Bisa Berubah Jadi Laba di 2021",CNBC Indonesia,BBNI
322,2021-02-25,"Mitigasi Risiko LaR Membengkak, Ini Strategi BNI",CNBC Indonesia,BBNI
323,2021-03-01,"Membedah Prospek BNI Pada 2021, Bakal Melesat?",CNBC Indonesia,BBNI
324,2021-03-03,Kisah BNI Menapaki Badai Krisis 1997-2020,CNBC Indonesia,BBNI
325,2021-03-03,"Perincian biaya administrasi tabungan Bank BNI, suku bunga, & saldo minimal terbaru",Kontan,BBNI
326,2021-03-03,"Rincian biaya adminitrasi Bank BNI, suku bunga, dan saldo minimal terbaru",Kontan,BBNI
327,2021-03-04,"HUT ke-22, Serikat Pekerja BNI Solid & Dukung Transformasi",CNBC Indonesia,BBNI
328,2021-03-04,"Kantongi Belasan Mandat, BNI Sekuritas Optimis Bisnis Underwriting Tahun Ini Ramai",Bisnis,BBNI
329,2021-03-05,"Krisis 2008 vs Pandemi, Bagaimana Pergerakan Saham BNI?",CNBC Indonesia,BBNI
330,2021-03-05,"BNI Tiba-tiba Umumkan Ubah Jadwal RUPST, Ada Apa Nih?",CNBC Indonesia,BBNI
331,2021-03-06,"Ingin buka tabungan? Ini biaya admin bank BNI, bunga, dan setoran awal",Kontan,BBNI
332,2021-03-08,BNI Kanwil Palembang Gandeng PDAM Tirta Musi Perkuat Transaksi Digital,Bisnis,BBNI
333,2021-03-10,BNI Kanwil Palembang Bidik KUR Replanting Kebun Sawit,Bisnis,BBNI
334,2021-03-14,"Waspada Akun Palsu, Ini Dia Akun Resmi dari BNI",CNBC Indonesia,BBNI
335,2021-03-28,"5 Berita Terpopuler Sabtu (27/3), Harga Emas Antam hingga Persiapan BNI (BBNI) Bagi Dividen Pekan Depan",Bisnis,BBNI
336,2021-03-29,"Sama dengan 2019, Ini Alasan Dividen BNI Tetap 25% dari Laba",CNBC Indonesia,BBNI
337,2021-03-29,"Jreng! Mau RUPST, Siapa Direksi & Komisaris BNI yang Diganti?",CNBC Indonesia,BBNI
338,2021-03-29,"Jadwal Blokir Kartu ATM Lama BRI-BCA-Mandiri-BNI, Awas Lupa!",CNBC Indonesia,BBNI
339,2021-03-29,Mantan DG BI Erwin Rijanto Diangkat Jadi Komisaris BNI,CNBC Indonesia,BBNI
340,2021-03-29,"Dear Nasabah, Segera Ganti Kartu ATM Anda. Ini Jadwal Pemblokiran dari Bank Mandiri, BRI, BCA dan BNI",Bisnis,BBNI
341,2021-03-29,Eks Deputi Gubernur BI Erwin Rijanto Ditunjuk jadi Komisaris BNI (BBNI),Bisnis,BBNI
342,2021-03-30,BNI Bagi Dividen 25% Tahun 2020,Bisnis,BBNI
343,2021-03-31,Kartu Debit BNI dengan Nomor Identifikasi Ini Harus Segera Diganti sebelum Diblokir,Bisnis,BBNI
344,2021-04-01,Simak! Ini Syarat Lengkap Pengajuan KUR BNI,Bisnis,BBNI
345,2021-04-05,"Wow, Transaksi Digital BNI Meroket 50% Selama Pandemi",CNBC Indonesia,BBNI
346,2021-04-05,"Jaga Keamanan Transaksi Digital, Ternyata Begini Rahasia BNI",CNBC Indonesia,BBNI
347,2021-04-05,Saatnya Beli Rumah! Mudahnya Ajukan KPR BNI Griya,CNBC Indonesia,BBNI
348,2021-04-05,"Termasuk Pengajuan KPR, Begini Kecanggihan BNI Mobile Banking",CNBC Indonesia,BBNI
349,2021-04-05,"Mau Beli Rumah? BNI Tawarkan KPR Berbunga 4,75% loh!",CNBC Indonesia,BBNI
350,2021-04-06,"Kerja sama pembiayaan distributor mitra, Semen Indonesia (SMGR) menggandeng BNI",Kontan,BBNI
351,2021-04-06,"Wah...Ada Supply Chain Financing BNI, Semenarik Apa ya?",CNBC Indonesia,BBNI
352,2021-04-06,Cek! Ini Manfaat Supply Chain Financing BNI bagi Buyer-Seller,CNBC Indonesia,BBNI
353,2021-04-06,"BNI Digital Value Chain,Solusi Pembiayaan Transaksi Jual Beli",CNBC Indonesia,BBNI
354,2021-04-06,Temukan Solusi Bisnis Lewat One-Day Service BNI FSCM,CNBC Indonesia,BBNI
355,2021-04-06,Keunggulan Bank Garansi BNI Dibanding yang Lainnya,CNBC Indonesia,BBNI
356,2021-04-06,"Jangan Takut Investasi, Ini Cara Mudah dari BNI Sekuritas",CNBC Indonesia,BBNI
357,2021-04-07,Tips Gunakan Layanan Cash Management dari BNI,CNBC Indonesia,BBNI
358,2021-04-07,7 Paket Investasi Dana Pensiun BNI Simponi Untuk Anak Muda,CNBC Indonesia,BBNI
359,2021-04-07,Simak! Jurus Cash Management dari BNI Biar Bisnis Tokcer,CNBC Indonesia,BBNI
360,2021-04-08,"Siaga Siber, Ini Kunci BNI Jaga Keamanan Transaksi Digital",CNBC Indonesia,BBNI
361,2021-04-08,"Ada Tawaran Menarik dari Kartu Kredit BNI Nih, Simak Yuk",CNBC Indonesia,BBNI
362,2021-04-09,Bedah Cuan: Saham BBNI Termasuk Murah & Layak Dibeli?,CNBC Indonesia,BBNI
363,2021-04-09,"BNI Pede, Jumlah Nasabah Tajir Bisa Tumbuh Dua Digit di 2021",CNBC Indonesia,BBNI
364,2021-04-09,Sejumlah Alasan Saham BBNI Layak untuk Dikoleksi,CNBC Indonesia,BBNI
365,2021-04-09,"Eropa Hingga Timur Tengah, BNI Incar Cabang Luar Negeri Baru",CNBC Indonesia,BBNI
366,2021-04-10,Perjalanan Karier Adi Sulistyowati Sebagai Wakil Direktur Utama Bank BNI,Kontan,BBNI
367,2021-04-11,"Waspada Fake Caller, BNI Beri Tips Aman untuk Transaksi",CNBC Indonesia,BBNI
368,2021-04-11,Nikmati Layanan Super VVIP Bagi Nasabah BNI Emerald,CNBC Indonesia,BBNI
369,2021-04-12,"Terapkan Block Chain JP Morgan, Kirim Uang via BNI Kian Mudah",CNBC Indonesia,BBNI
370,2021-04-15,"Konsisten! Laba Bisnis BNI Cabang Korea Tumbuh 73,9%/Tahun",CNBC Indonesia,BBNI
371,2021-04-16,"Resmikan kantor baru di Seoul, BNI siap pertemukan pengusaha RI & Korea",Kontan,BBNI
372,2021-04-16,Mantap! BNI Resmikan Kantor Baru di Seoul & Bentuk Korea Desk,CNBC Indonesia,BBNI
373,2021-04-16,"Resmikan Kantor di Seoul, BNI Pertemukan Pengusaha RI dengan Korea",Bisnis,BBNI
374,2021-04-19,"Kaum Milenial, Yuk Intip DPLK BNI yang Baru BNI Simponi",Bisnis,BBNI
375,2021-04-20,BNI Kerek Pendapatan Komisi untuk Jaga Margin dari Tekanan Pandemi,Bisnis,BBNI
376,2021-04-22,BNI Beri Penjelasan soal Somasi ke Nasabah terkait Kartu Kredit,Bisnis,BBNI
377,2021-04-26,Bisnis Digital Kerek Kinerja BNI di Awal 2021,CNBC Indonesia,BBNI
378,2021-04-26,"Relaksasi LTV, Ini Dampaknya Bagi Bank BNI",CNBC Indonesia,BBNI
379,2021-05-03,Kapan kartu debit magnetik BNI diblokir? Ini informasinya,Kontan,BBNI
380,2021-05-16,Mantap Jiwa! Pengalaman Youtuber Jerome Polin Buka Rekening BNI Cabang Tokyo,Bisnis,BBNI
381,2021-05-18,"Exim Bank Taiwan Gandeng BNI, Berikan Relending Facility",CNBC Indonesia,BBNI
382,2021-05-19,"Cara Cek BLT UMKM Rp1,2 Juta di banpresbpum.id BNI, Daftar, dan Mencairkan",Bisnis,BBNI
383,2021-05-19,BNI (BBNI) Beri Penjelasan Lengkap soal Rencana Penutupan 96 Kantor Cabang,Bisnis,BBNI
384,2021-05-21,"Tarik Tunai & Cek Saldo ATM Link Tak Lagi Gratis per 1 Juni, Ini Penjelasan BNI",Bisnis,BBNI
385,2021-05-21,"Tidak Gratis! Cek Biaya Transaksi ATM Link Bagi Nasabah Bank Mandiri, BNI, BRI dan BTN",Bisnis,BBNI
386,2021-05-24,"Halo Nasabah, Biaya Transaksi di ATM BNI Bisa Gratis Lho! Mari Cek",Bisnis,BBNI
387,2021-05-30,"Cek! Ini Jadwal Pemblokiran Kartu ATM BCA, BRI, Mandiri & BNI",CNBC Indonesia,BBNI
388,2021-06-02,"Catat jadwal pemblokiran kartu ATM Bank Mandiri, BRI, BNI dan BCA",Kontan,BBNI
389,2021-06-07,"Cara Cek Penerima BLT UMKM Rp1,2 Juta via BRI dan BNI",Bisnis,BBNI
390,2021-06-08,"Gandeng BNI, Modalku Siapkan Escrow Account untuk Pengguna",Bisnis,BBNI
391,2021-06-09,"BNI Buka Lowongan Cabang Luar Negeri, Ini Syarat dan Cara Daftarnya!",Bisnis,BBNI
392,2021-06-15,"Tabungan Deposito Rp20 Miliar Diduga Hilang, Ini Tanggapan Bank BNI",Bisnis,BBNI
393,2021-06-16,Kronologi Kasus Dugaan Deposito Raib Rp20 Miliar Versi BNI dan Nasabah,Bisnis,BBNI
394,2021-06-16,"Ada Bilyet Deposito Palsu, BNI Tempuh Jalur Hukum",CNBC Indonesia,BBNI
395,2021-06-19,"Peduli Kelestarian Alam, BNI Sukses Kembangkan Hutan Organik",CNBC Indonesia,BBNI
396,2021-06-21,Maybank Indonesia (BNII) Rilis 3 Fitur Baru Aplikasi Digital Banking,Bisnis,BBNI
397,2021-06-22,BNI Dorong 131.488 Nasabah di Sumbagsel Ganti Kartu Debit Sebelum Diblokir,Bisnis,BBNI
398,2021-06-24,"Cek nih! Bocoran Target Harga Saham BCA, BRI, Mandiri, BNI",CNBC Indonesia,BBNI
399,2021-06-26,Pendapatan Mitra BNI Agen46 Bisa Sampai Rp5 Juta per Bulan,Bisnis,BBNI
400,2021-06-28,"Secara Virtual, 750 BNI Agen46 Akad Massal KUR BNI",CNBC Indonesia,BBNI
401,2021-06-29,BNI Raih Penghargaan Bank BUMN Terbaik 2021,CNBC Indonesia,BBNI
402,2021-07-04,BNI Siapkan Modal Usaha sampai Rp500 Juta bagi Pekerja Migran,CNBC Indonesia,BBNI
403,2021-07-05,"PPKM Darurat! Ini Jam Buka BRI, BCA, BNI, Mandiri-Bank BTN",CNBC Indonesia,BBNI
404,2021-07-05,"Masuki Usia Berlian, BNI Menuju Bank Internasional",CNBC Indonesia,BBNI
405,2021-07-09,"Peranan agen tetap penting, BNI lakukan digitalisasi layanan Agen46",Kontan,BBNI
406,2021-07-12,"The New BNI Mobile Banking, Pengguna & Transaksi Terus Tumbuh",CNBC Indonesia,BBNI
407,2021-07-13,"Soal Feasibility Proyek Pemerintah, Begini Curhatan Bos BNI",CNBC Indonesia,BBNI
408,2021-07-21,"Profil Rektor UI Ari Kuncoro, dari Komisaris BNI (BBNI) ke BRI (BBRI)",Bisnis,BBNI
409,2021-07-29,Terungkap! Ini 3 Pilar BNI Kembangkan Bisnis Internasional,CNBC Indonesia,BBNI
410,2021-07-29,"Ajak UMKM Go Global, BNI Gelar Festival Ide Bisnis",CNBC Indonesia,BBNI
411,2021-07-29,4 Senjata BNI Bantu UMKM Tembus Pasar Global Kala Pandemi,CNBC Indonesia,BBNI
412,2021-07-30,"UMKM Sulit Tembus Pasar Inggris, Begini Solusi BNI",CNBC Indonesia,BBNI
413,2021-08-02,"Banpres Produktif Usaha Mikro Rp1,2 Juta Cair, Ini Cara Cek dan Daftar BPUM di BNI",Bisnis,BBNI
414,2021-08-04,Bank BNI alokasikan dana untuk program CSR Rp 100 miliar tahun ini,Kontan,BBNI
415,2021-08-09,"Optimalkan layanan, BNI ganti 3.773 ATM jadi mesin tarik setor tunai di 2021",Kontan,BBNI
416,2021-08-09,"Cek Jadwal BCA, BRI, BNI, Mandiri Saat Libur 1 Muharram!",CNBC Indonesia,BBNI
417,2021-08-09,Bank Syariah Indonesia Mulai Migrasi 1 Juta Rekening Eks BNI Syariah,Bisnis,BBNI
418,2021-08-11,Hari Ini BRI-Mandiri-BNI Buka? Cek Jadwal Terbarunya,CNBC Indonesia,BBNI
419,2021-08-13,"Suku Bunga Deposito BCA, BNI, Bank Mandiri, dan BRI Terbaru. Cek di Sini!",Bisnis,BBNI
420,2021-08-15,Cabang Luar Negeri BNI Punya Strategi Mumpuni Bersaing dengan Bank-Bank Global,Bisnis,BBNI
421,2021-08-16,Transformasi Digital BNI (BBNI) Tak Sama dengan Bank Digital. Apa Bedanya?,Bisnis,BBNI
422,2021-08-16,Diam-diam BNI Incar Fintech untuk Ekspansi Digital Banking,CNBC Indonesia,BBNI
423,2021-08-22,"Genjot KUR BNI buat Petani Porang, Kredit Langsung Cair!",CNBC Indonesia,BBNI
424,2021-08-24,"Kenalkan BNIFX, Platform Transaksi Valas BNI Berbasis Web",CNBC Indonesia,BBNI
425,2021-08-26,"Ini Syarat Buka Rekening BNI Prakerja, Simak Gaes!",CNBC Indonesia,BBNI
426,2021-09-03,"OJK Perpanjang Restrukturisasi Kredit Hingga 2023, BNI: Kinerja Debitur Terjaga",Bisnis,BBNI
427,2021-09-06,"Inovasi Digital, 3 Produk BNI Jadi Game Changer",CNBC Indonesia,BBNI
428,2021-09-06,"Momentum Pemulihan Ekonomi, BNI Proyeksikan NIM 4,9% di 2021",CNBC Indonesia,BBNI
429,2021-09-06,"Bisnis Paylater, BNI (BBNI) Gandeng Traveloka dan Shopee",Bisnis,BBNI
430,2021-09-06,Pantang Panik Bank BNI (BBNI) Hadapi Parade Saham Bank Digital,Bisnis,BBNI
431,2021-09-06,BNI Siapkan Kantor Cabang di Los Angeles dan Amsterdam,Bisnis,BBNI
432,2021-09-06,Terungkap! Ternyata Ini Rencana BNI di Bisnis Internasional,CNBC Indonesia,BBNI
433,2021-09-07,"Fokus Open API, Cara Bank BNI 'Pikat' User E-Commerce sampai Startup",Bisnis,BBNI
434,2021-09-07,"Pertahankan NIM, Bank BNI tekan biaya dana",Kontan,BBNI
435,2021-09-09,"Gandeng Traveloka dan Shopee, begini kinerja bisnis paylater BNI",Kontan,BBNI
436,2021-09-09,"Jenius, blu BCA Digital, BCA, BNI, & Twitter Indonesia Kampanyekan Edukasi Keamanan",Bisnis,BBNI
437,2021-09-10,Bos BNI sebut biaya dana akan melejit bila tak lakukan penguatan modal,Kontan,BBNI
438,2021-09-11,BNI & BukuWarung Kolaborasi Dorong Transaksi QRIS untuk UMKM,CNBC Indonesia,BBNI
439,2021-09-11,BNI (BBNI) Gandeng BukuWarung Dorong Transaksi QRIS UMKM,Bisnis,BBNI
440,2021-09-12,"Ada indikasi nasabah BNI kebobolan deposito hingga Rp 45 miliar, begini respon OJK",Kontan,BBNI
441,2021-09-13,Tok! BNI Securities Dapat Restu Otoritas Singapura,CNBC Indonesia,BBNI
442,2021-09-13,"Kasus Deposito Nasabah Diduga Raib, Begini Penjelasan BNI (BBNI)",Bisnis,BBNI
443,2021-09-13,"Gelapkan Dana Nasabah Rp45 Miliar, Oknum Pegawai BNI Jadi Tersangka",Bisnis,BBNI
444,2021-09-13,"BNI dan Traveloka PayLater Berkolaborasi, Ini Manfaat Terbarunya",Bisnis,BBNI
445,2021-09-13,"BNI Buka Lowongan Kerja Bagi Lulusan S1 dan S2, Cek Syaratnya!",Bisnis,BBNI
446,2021-09-14,BTPN Jelaskan soal Kepemilikan Saham Perseroan oleh BCA dan BNI,Bisnis,BBNI
447,2021-09-14,Pihak BNI Ungkap Kejanggalan Bilyet dalam Kasus Pemalsuan Deposito,Bisnis,BBNI
448,2021-09-14,Perhatian! J Resources Mau Jual Aset buat Bayar Utang ke BNI,CNBC Indonesia,BBNI
449,2021-09-14,"BCA dan BNI miliki saham BTPN, begini penjelasan manajemen",Kontan,BBNI
450,2021-09-15,Bola Panas Bilyet Deposito BNI Diduga Fiktif,Kontan,BBNI
451,2021-09-15,BNI Securities Pte. Ltd. Resmi Beroperasi di Singapura,Bisnis,BBNI
452,2021-09-20,"Daftar Suku Bunga Deposito Terbaru BCA, Bank Mandiri, BNI, dan BRI",Bisnis,BBNI
453,2021-09-20,"Perkuat Modal, BNI Terbitkan Perpetual Bond Rp 8,55 T",CNBC Indonesia,BBNI
454,2021-09-27,Direktur BNI Sis Apik Wijayanto Lulus Doktor dengan Predikat Cum Laude,Bisnis,BBNI
455,2021-10-01,"Gelegar Rejeki BNI #GaPakeNanti, BNI Tebar Tesla Hingga PCX",CNBC Indonesia,BBNI
456,2021-10-01,"OJK Setujui Perpetual Bond sebagai Modal Inti Tambahan, CAR BNI jadi 19,62 Persen",Bisnis,BBNI
457,2021-10-04,"Tingkatkan layanan, BNI lakukan tranformasi di setiap kantor operasionalnya",Kontan,BBNI
458,2021-10-05,"PSAB Jual Aset ke Taipan Winato Kartono, Bayar Utang ke BNI?",CNBC Indonesia,BBNI
459,2021-10-05,"Ngutang ke BNI Rp2 T, Emiten Prajogo Gadai Saham Chandra Asri",CNBC Indonesia,BBNI
460,2021-10-10,BNI Ditunjuk Jadi Bank Mitra Aplikasi Perseroan Perorangan,Bisnis,BBNI
461,2021-10-14,"Bos BNI Sambangi Menhan Prabowo, Ada Apa?",Bisnis,BBNI
462,2021-10-18,"Mau Investasi Lewat BNI Sekuritas? Cek Syarat, Cara Daftar, Biaya",Bisnis,BBNI
463,2021-10-18,"Dikabarkan akan mengakuisisi bank kecil, ini penjelasan manajemen Bank BNI",Kontan,BBNI
464,2021-10-21,"Bos BNI Bicara Kabar Akuisisi Bank Mayora, Ada Partner Tech",CNBC Indonesia,BBNI
465,2021-10-21,Bank BNI (BBNI) Rampungkan Buyback Saham Senilai Rp128 Miliar,Bisnis,BBNI
466,2021-10-21,"Demi Genjot Eskpor UMKM, BNI Xpora Resmi Diluncurkan",CNBC Indonesia,BBNI
467,2021-10-21,"Digitalkan Unpad, BNI Lakukan Campus Financial Ecosystem",CNBC Indonesia,BBNI
468,2021-10-25,"Ada Harapan Baru, BNI Pasang Target Kredit Tumbuh 10% di 2022",CNBC Indonesia,BBNI
469,2021-10-26,BNI optimistis target kredit tahun ini bisa tercapai,Kontan,BBNI
470,2021-10-28,"Laba BCA-BRI-BNI Melejit, Sinyal Ekonomi RI Mulai Bangkit?",CNBC Indonesia,BBNI
471,2021-10-28,Aku Saudagar Muda 2021 BNI Terima 2.510 Pendaftar,CNBC Indonesia,BBNI
472,2021-11-01,"Lowongan Kerja BNI Sekuritas, Cek Syarat dan Cara Daftarnya!",Bisnis,BBNI
473,2021-11-02,"Laba anak perusahaan milik BNI meningkat 4,1% hingga September 2021",Kontan,BBNI
474,2021-11-09,"Kasus Bilyet Deposito Fiktif, Bank BNI (BBNI) Menang di Pengadilan Negeri Makassar",Kontan,BBNI
475,2021-11-11,Sederet Keuntungan Jadi Nasabah BNI Emerald,CNBC Indonesia,BBNI
476,2021-11-11,"Foto Erick Thohir terpampang di ATM, ini kata BNI",Kontan,BBNI
477,2021-11-11,Wisata Nyaman Ke Luar Negeri Dengan BNI Emerald,CNBC Indonesia,BBNI
478,2021-11-11,BNI (BBNI) Gandeng JD.ID Luncurkan Kartu Kredit E-Commerce,Bisnis,BBNI
479,2021-11-15,BNI Tetapkan Saldo Minimun BNI Taplus Rp50.000 Mulai 6 Desember 2021,Bisnis,BBNI
480,2021-11-16,"Pemberdayaan Hingga Ekspor, Ini Strategi Segmen UMKM BNI",CNBC Indonesia,BBNI
481,2021-11-16,Ini Caranya Jadi Nasabah 'Kaya' di BNI,CNBC Indonesia,BBNI
482,2021-11-17,BNI & APLGI Kolaborasi Luncurkan Kartu Kredit untuk Golfer,CNBC Indonesia,BBNI
483,2021-11-19,"IHSG terkoreksi, asing banyak melego saham BBCA, BBRI, ISAT dan BBNI",Kontan,BBNI
484,2021-11-21,"RI Berhasil Rebut Piala Thomas 2020, BNI Apresiasi PBSI",CNBC Indonesia,BBNI
485,2021-11-22,"Intip Bunga Deposito Terbaru di BCA, BRI, Bank Mandiri, dan BNI",Bisnis,BBNI
486,2021-11-24,"Akhir Sesi I IHSG Turun Tipis, Asing Justru Borong Saham YULE, BBNI, dan DMMX",Bisnis,BBNI
487,2021-11-29,"BNI dan BRI Pede Kredit Tahun Depan Tembus di Atas 6 Persen, Ini Alasannya",Bisnis,BBNI
488,2021-11-30,TOP BUMN Awards 2021: Dirkeu BNI Novita Widya Raih Penghargaan Top CFO,Bisnis,BBNI
489,2021-11-30,Dirut BNI Royke Tumilaar Raih Top CEO in Strategic Leadership BUMN Award 2021,Bisnis,BBNI
490,2021-12-01,Ini Kode Bank BNI dan Bank Lainnya Untuk Keperluan Transfer,CNBC Indonesia,BBNI
491,2021-12-05,"Simak! Daftar Bunga Deposito Terbaru BCA, Mandiri, BNI, dan BRI",Bisnis,BBNI
492,2021-12-09,"Jaga Keamanan Layanan, BNI Gunakan 3 Kombinasi Data Center",CNBC Indonesia,BBNI
493,2021-12-12,BNI menyatakan telah siap untuk menjawab tantangan bisnis tahun 2022,Kontan,BBNI
494,2021-12-13,BNI Tembilahan Dorong Nasabah Gunakan e-Channel dan Mobile Banking,Bisnis,BBNI
495,2021-12-14,BNI Emerald Raih Most Innovative Priority Banking in Pandemic,CNBC Indonesia,BBNI
496,2021-12-14,"Bangun Tol Cijago, BNI dan PT SMI Salurkan Kredit Sindikasi Rp2,6 Triliun kepada Translingkar Kita Jaya",Bisnis,BBNI
497,2021-12-14,Kilau Kemewahan BNI Emerald,CNBC Indonesia,BBNI
498,2021-12-15,"Tumbuh Kuat dan Berkualitas, BNI Emerald Raih Penghargaan",CNBC Indonesia,BBNI
499,2021-12-15,BNI Tanggapi Prediksi Orang Kaya Rem Simpan Uang di 2022,CNBC Indonesia,BBNI
500,2021-12-18,"Cara Tarik Tunai Tanpa Kartu di ATM BCA, BNI, BRI, dan Mandiri",Bisnis,BBNI
501,2021-12-23,"Dukung UMKM Perempuan, BNI Luncurkan Sahabat Ibuprenuer",CNBC Indonesia,BBNI
502,2021-12-25,Layanan Perbankan BNI di Serpong Garden Apartment,CNBC Indonesia,BBNI
503,2021-12-30,BNI Xpora Bantu UMKM Jabar Optimalkan E-Commerce,CNBC Indonesia,BBNI
504,2022-01-01,Simak Strategi Bank BNI Untuk Dorong Pertumbuhan Kredit di Tahun Depan,Kontan,BBNI
505,2022-01-03,"Proliga 2022: Diasuh Samsul Jais, Ini Susunan Pemain Tim Putra BNI 46",Bisnis,BBNI
506,2022-01-09,"2022, BNI (BBNI) Turunkan Suku Bunga Dasar Kredit, Ini Rinciannya",Bisnis,BBNI
507,2022-01-13,"Nasabah BNI, Begini Cara Transfer Dana via BI-Fast",Bisnis,BBNI
508,2022-01-20,"Tak Mau Kalah, Ini Dia Gebrakan BNI Usung Konsep Bank Digital",CNBC Indonesia,BBNI
509,2022-01-23,"Cara Cek Nomor Rekening BCA, Mandiri, BNI, dan BRI lewat HP",Bisnis,BBNI
510,2022-01-24,"Tak Hanya Jadi Bank Digital, Begini Misi Bank Mayora di Tangan BNI (BBNI)",Bisnis,BBNI
511,2022-01-24,"BNI Mau Caplok Bank Mayora, Ini Kinerja Keuangannya",CNBC Indonesia,BBNI
512,2022-01-25,"BNI (BBNI) Akan Akuisisi Bank Mayora Senilai Rp 3,5 Triliun",Kontan,BBNI
513,2022-01-25,"Dipinang BNI, Potensi Nilai Akuisisi Bank Mayora Rp 3,5 T",CNBC Indonesia,BBNI
514,2022-01-25,"BBNI Caplok Bank Mayora, Tidak Murah Tapi Juga Tidak Mahal",CNBC Indonesia,BBNI
515,2022-01-25,Perhatian! BNI Kembali Buka Lowongan ODP di 4 Program,CNBC Indonesia,BBNI
516,2022-01-26,"Laba BNI 2021 Naik 3 Kali Lipat, Lampaui Ekspektasi Pasar",CNBC Indonesia,BBNI
517,2022-01-26,"BNI Bukukan Laba Rp 10,89 T Pada 2021",CNBC Indonesia,BBNI
518,2022-01-27,"Daftar Kode Bank Lengkap, BCA, BNI, BRI, Mandiri, BSI, dan Lainnya",Bisnis,BBNI
519,2022-01-30,"Kinerja Cemerlang, BNI Terus Didorong Go Internasional",CNBC Indonesia,BBNI
520,2022-02-05,"Ini Syarat Pengajuan Kartu Kredit BCA, BRI, Bank Mandiri, dan BNI",Bisnis,BBNI
521,2022-02-07,"Ini Bunga Deposito 10 Bank Besar. Bank Mandiri, BRI, BCA, BNI dan BTN Bersaing, BTPN Lebih Tinggi",Bisnis,BBNI
522,2022-02-10,"Bunga KUR 3%, Buka Eform.bni.co.id untuk Cara Pengajuan KUR BNI Online 2022",Kontan,BBNI
523,2022-02-10,BNI Alokasikan Capex Teknologi Informasi 3% dari Pendapatan,CNBC Indonesia,BBNI
524,2022-02-12,"Bunga KUR 3% Hingga Juni 2022, Buka Eform.bni.co.id untuk Cara Ajukan KUR BNI Online",Kontan,BBNI
525,2022-02-14,"Intip Bunga Deposito di BCA, BRI, BNI, dan Bank Mandiri",Bisnis,BBNI
526,2022-02-14,BNI Targetkan Penyaluran KPR Tumbuh Lebih Tinggi di Tahun 2022,Kontan,BBNI
527,2022-02-16,"BNI (BBNI) Masuk Metaverse, Transaksi Bisa Pakai Crypto?",Bisnis,BBNI
528,2022-02-16,"Antara BRI (BBRI), Mandiri (BMRI), BNI (BBNI), dan BTN (BBTN), Siapa Paling Jago Cari Cuan?",Bisnis,BBNI
529,2022-02-17,BNI Sekuritas Luncurkan Platform Trading Online New BIONS,CNBC Indonesia,BBNI
530,2022-02-17,"Berkat Transformasi Layanan, BNI Raih SLE Index Terbaik 2022",CNBC Indonesia,BBNI
531,2022-02-17,BNI Sekuritas Luncurkan Platform Online Trading New BIONS,Kontan,BBNI
532,2022-02-19,BNI Emerald Ungkap Kiat Ikut PPS yang Cuan dan Nyaman,CNBC Indonesia,BBNI
533,2022-02-19,"Beri Mesin ATM ke Raffi Ahmad, BNI: Bentuk Kerja Sama dengan RANS Entertaiment",Bisnis,BBNI
534,2022-02-20,"Adu Dana Pihak Ketiga di Bank Jumbo, BBCA, BMRI, BBNI, BBRI. Siapa Terbesar?",Bisnis,BBNI
535,2022-02-21,"Cara Cek Saldo E-Money di Smartphone: Mandiri, BNI, BCA, BRI",Bisnis,BBNI
536,2022-02-23,Direksi Maybank Indonesia (BNII) David Formula Mengundurkan Diri,Bisnis,BBNI
537,2022-02-25,"Dampingi Nasabah PPS, BNI Emerald Gelar FGD Setiap Bulan",CNBC Indonesia,BBNI
538,2022-02-26,Nggak Disangka! Raffi Ahmad Pindah 'Brankas' ke BNI Emerald,CNBC Indonesia,BBNI
539,2022-02-26,5 Cara Cek Mutasi BNI via Offline dan Online,Bisnis,BBNI
540,2022-02-26,BNI Kirimkan Bantuan Kemanusiaan untuk Korban Gempa,Bisnis,BBNI
541,2022-03-03,Undian Gelegar Rejeki BNI #GaPakeNanti Akan Diumumkan Di Sini,CNBC Indonesia,BBNI
542,2022-03-04,BNI (BBNI) Catat Transaksi QRIS Tumbuh 187 Persen di Februari 2022,Bisnis,BBNI
543,2022-03-14,Bonus dan Tantiem Direksi dan Komisaris BNI Jomplang dari BRI dan Bank Mandiri,Kontan,BBNI
544,2022-03-15,BNI Wilayah 03 Salurkan BSPS untuk 3.437 Unit Rumah Tak Layak Huni,Bisnis,BBNI
545,2022-03-17,"BNI (BBNI) Tebar Dividen Rp2,72 Triliun, Catat Nih Jadwalnya!",Bisnis,BBNI
546,2022-03-17,BNI Ramaikan Pertamina Grand Prix of Indonesia,Kontan,BBNI
547,2022-03-18,"Dukung Pariwisata, BNI Buat 3 Pesawat Batik Air Livery",CNBC Indonesia,BBNI
548,2022-03-19,"Cek Bonus dan Tantiem Direksi dan Komisaris BRI, Mandiri dan BNI",Kontan,BBNI
549,2022-03-20,Cara Cetak Rekening Koran BNI secara Online dan Offline,Bisnis,BBNI
550,2022-03-20,"BMRI, BBRI, BBCA, BBNI Tebar Dividen Jumbo. Siapa Terbesar?",Bisnis,BBNI
551,2022-03-22,Bos BCA & BNI Beberkan Sederet Tantangan Perbankan RI di 2022,CNBC Indonesia,BBNI
552,2022-03-22,4 Cara Cek Tagihan Kartu Kredit BNI lewat HP,Bisnis,BBNI
553,2022-03-23,"Bank Danamon dan BNI Genjot Penggunaan Kartu Kredit, Intip Promonya",Bisnis,BBNI
554,2022-03-31,"Getol Himpun DPK, Jumlah Nasabah BNI Wilayah 03 Palembang Melesat",Bisnis,BBNI
555,2022-04-10,BNI di Hongkong Sukses Bantu Diaspora & Ekspor UMKM,CNBC Indonesia,BBNI
556,2022-04-12,"Demi UMKM Go Global, BNI Xpora Gandeng ICC Indonesia",CNBC Indonesia,BBNI
557,2022-04-14,BNI (BBNI) Bidik Jumlah Nasabah Kaya Naik 6 Persen Tahun Ini,Bisnis,BBNI
558,2022-04-15,"BNI Salurkan Triliunan Rupiah ke Sektor ""Hijau""",CNBC Indonesia,BBNI
559,2022-04-18,Dukungan BNI Demi Garap Potensi Pasar Hong Kong Bagi UMKM,CNBC Indonesia,BBNI
560,2022-04-18,"Kembangkan Diaspora RI, BNI Andalkan Jaringan Internasional",CNBC Indonesia,BBNI
561,2022-04-19,Live Now! BNI Buka-Bukaan Strategi Perkuat Ekosistem Diaspora,CNBC Indonesia,BBNI
562,2022-04-19,"Berkat BNI, Usaha Diaspora di AS Ini Berkembang Pesat",CNBC Indonesia,BBNI
563,2022-04-19,BNI Proaktif Perkuat Ekosistem Diaspora Indonesia di AS,CNBC Indonesia,BBNI
564,2022-04-19,Catat Ya! Ini 30 Titik Penukaran Uang di BNI (BBNI) di Jabodetabek,Bisnis,BBNI
565,2022-04-19,"Akuisisi 1,6 Juta Merchant, Volume Transaksi QRIS BNI Capai Rp 297 Miliar",Kontan,BBNI
566,2022-04-20,BNI Dorong Diaspora di Korea Selatan Buka Pasar UMKM,CNBC Indonesia,BBNI
567,2022-04-20,Yes! BNI Java Jazz Festival Hadir Kembali,CNBC Indonesia,BBNI
568,2022-04-21,"Gandeng BNI dan Mastercard, Kredivo Luncurkan Kartu Kredit Virtual",Bisnis,BBNI
569,2022-04-21,"THR Cair! Ini Lokasi Penukaran Uang Lebaran 2022 di BRI, Bank Mandiri, BNI, dan BTN",Bisnis,BBNI
570,2022-04-21,"Bank Mandiri (BMRI), BRI (BBRI), BTN (BBTN), BNI (BBNI) Buka Loker. Ini Daftar Lengkapnya",Bisnis,BBNI
571,2022-04-21,Live Now! BNI Ungkap Strategi UMKM Naik Kelas Lewat Diaspora,CNBC Indonesia,BBNI
572,2022-04-21,"Lokasi Penukaran Uang Lebaran 2022 di Bank Mandiri, BRI & BNI",CNBC Indonesia,BBNI
573,2022-04-21,"Perkuat Kolaborasi, BNI Seoul Buka Peluang Pasar",CNBC Indonesia,BBNI
574,2022-04-21,"Demi UMKM Diaspora Singapura Naik Kelas, Ini Sinergi BNI-KBRI",CNBC Indonesia,BBNI
575,2022-04-22,20 Women Leader BNI Didapuk Jadi Game Changer,CNBC Indonesia,BBNI
576,2022-04-25,"BNI Java Jazz On The Move, Kick-off Ajang Java Jazz Festival",CNBC Indonesia,BBNI
577,2022-04-25,BNI & LPEI Siapkan Penjaminan Untuk Kredit UMKM Ekspor,CNBC Indonesia,BBNI
578,2022-04-25,"Dari Investasi Hingga Pembiayaan, Ini Peran BNI Bagi Diaspora",CNBC Indonesia,BBNI
579,2022-04-25,"Tak Terhentikan, Saham BBNI Bakal ke Rp 10.000?",CNBC Indonesia,BBNI
580,2022-04-27,"Miliki Cabang Luar Negeri, BNI Bidik 40.000 Diaspora Merapat",CNBC Indonesia,BBNI
581,2022-04-27,BNI Berangkatkan 20 Armada Bus Lewat Mudik Bersama BUMN 2022,CNBC Indonesia,BBNI
582,2022-04-27,"Bersama Diaspora, BNI Optimis Dorong Perekonomian",CNBC Indonesia,BBNI
583,2022-04-27,"Peran Besar Bagi Ekonomi, BNI: Harus Ada Pemetaan Diaspora",CNBC Indonesia,BBNI
584,2022-05-01,BNI dan KBRI Buka Sentra Distribusi di Jepang,Bisnis,BBNI
585,2022-05-02,"Saham Jagoan JP Morgan: Ada BMRI, BBNI, ANTM, hingga ADRO",Bisnis,BBNI
586,2022-05-04,"Lebaran Hari Ketiga, Ini Daftar Kantor Cabang BNI (BBNI) yang Buka Hari Ini",Bisnis,BBNI
587,2022-05-10,"BNI Terbitkan Green Bond Rp 5 T, Berapa Kuponnya?",CNBC Indonesia,BBNI
588,2022-05-11,"BNI Catat Portofolio Kredit Hijau Rp 170,5 Triliun di Kuartal I-2022",Kontan,BBNI
589,2022-05-13,"Jangan Ketinggalan, Ini Cara Beli Green Bond BNI (BBNI)",Bisnis,BBNI
590,2022-05-14,"Limit Transfer Bank BCA, BNI, BRI, dan Bank Mandiri",Bisnis,BBNI
591,2022-05-15,Idgitaf & Nadin Amizah Sapa Pecinta BNI Java Jazz On The Move,CNBC Indonesia,BBNI
592,2022-05-16,"Gaji Direksi BBRI, BMRI, BBCA hingga BBNI",Bisnis,BBNI
593,2022-05-18,"BNI Dirikan Anak Usaha Baru, BNI Modal Ventura",CNBC Indonesia,BBNI
594,2022-05-18,"BNI Dirikan Modal Ventura Modal Rp500 Miliar, Berkaca dari Ekspansi Mandiri Capital & BRI Ventures?",Bisnis,BBNI
595,2022-05-19,"BNI Buka Kantor di Amsterdam, Kantor Luar Negeri Ketujuh",CNBC Indonesia,BBNI
596,2022-05-19,BNI (BBNI) Resmi Akuisisi Bank Mayora,Bisnis,BBNI
597,2022-05-19,Historia Bisnis : Tahta Maybank (BNII) di WOM Finance (WOMF) dan Kembalinya Keluarga Thohir,Bisnis,BBNI
598,2022-05-20,"Tok! BNI Resmi Caplok Bank Mayora, Genggam 63,92% Saham",CNBC Indonesia,BBNI
599,2022-05-20,Bank BNI (BBNI) Resmi Akuisisi Bank Mayora,Kontan,BBNI
600,2022-05-23,"Jumlah Karyawan BNI Menyusut Hingga Maret 2022, Ini Penyebabnya",Kontan,BBNI
601,2022-05-26,"Ini Cara Top Up GoPay Lewat M-Banking BCA, BNI, Mandiri, BRI, dan BTN",Kontan,BBNI
602,2022-05-31,BRI (BBRI) dan BNI (BBNI) Jalin Kerja Sama dengan Taspen Garap Dana Pensiun,Bisnis,BBNI
603,2022-06-01,"Gelar Java Jazz Festival, Transaksi BNI Naik 21,9%",Kontan,BBNI
604,2022-06-08,Jreeengg... Benarkah BTN Bakal Merger dengan BNI?,CNBC Indonesia,BBNI
605,2022-06-08,"BNI Mobile Banking Tambah Fitur, Bisa Transaksi Valas",Bisnis,BBNI
606,2022-06-09,"Cara Isi Saldo OVO Melalui M-Banking BCA, Mandiri, BNI dan BRI",Bisnis,BBNI
607,2022-06-10,"Cara Mudah Bayar BPJS Kesehatan lewat ATM BNI, BRI, dan Mandiri",Bisnis,BBNI
608,2022-06-10,"Protelindo Dapat Pinjaman dari BNI Rp 1 T, Bakal Buat Apa?",CNBC Indonesia,BBNI
609,2022-06-20,Produsen Taro (AISA) Mau Tarik Pinjaman US$350 Juta dari BNI dan BCA,Bisnis,BBNI
610,2022-06-22,Analis Menilai Penerbitan Green Bond BNI dan BRI Menarik Saat Tren Suku Bunga Naik,Kontan,BBNI
611,2022-06-25,"Dengan BNI Mobile Banking, Transfer Pakai BI Fast, Cashback 100%!",Bisnis,BBNI
612,2022-07-02,Ini Penjelasan BNI Soal Hoaks Kredit Tanpa Jaminan,CNBC Indonesia,BBNI
613,2022-07-03,"Porsi Kredit Sektor Pertambangan di BNI (BBNI) Hanya 3,32 Persen, Mengapa?",Bisnis,BBNI
614,2022-07-04,"Dukung Penerapan ESG, BNI Fokus Menjadi Agen Transformasi",Bisnis,BBNI
615,2022-07-05,"Kurs Jual Beli Dollar AS di BCA, BRI, Bank Mandiri, dan BNI (BBNI), Hari Ini (5/7)",Bisnis,BBNI
616,2022-07-11,"Restrukturisasi Kredit Covid-19, BNI (BBNI) Petakan Profil Debitur",Bisnis,BBNI
617,2022-07-13,Opsi Bank Mayora Merger dengan Seabank? Ini Jawaban Bos BNI,Bisnis,BBNI
618,2022-07-13,Modal Ventura BNI Bisa Topang Startup Lokal,Bisnis,BBNI
619,2022-07-15,"HUT ke-76 BNI, Turnamen e-Sports Dibanjiri 9.113 Peserta",Bisnis,BBNI
620,2022-07-16,BNI Sekuritas Selesaikan 2 Transaksi Jalan Tol dalam 6 Bulan,Bisnis,BBNI
621,2022-07-18,"Dari Mandiri Capital, Eddi Danusaputro Berlabuh ke BNI Ventures",Bisnis,BBNI
622,2022-07-19,"Jadi Pioneer, BNI Pasang Dua SPKLU Skema Partnership",Bisnis,BBNI
623,2022-07-19,"Profil Eddi Danusaputro, Nahkoda Baru BNI Modal Ventura",Bisnis,BBNI
624,2022-07-26,"Utilisasi “Hybrid Working”, BNI Bangun Work Hub Pertama di Taman Galaxy Bekasi",Bisnis,BBNI
625,2022-07-29,Catat!! Bank Digital BNI Meluncur Paling Lambat Awal 2023,CNBC Indonesia,BBNI
626,2022-08-02,BNI Siap Layani 21.395 Diaspora Indonesia di Kanada,CNBC Indonesia,BBNI
627,2022-08-06,"Pacu Pemulihan Ekonomi dan Pariwisata, GNFY 2022 Gaet BNI Menjadi Bank Partner yang Digelar di Bali",Bisnis,BBNI
628,2022-08-07,"Sepekan Beroperasi, Stasiun BNI City Layani 18.622 Penumpang KRL",Bisnis,BBNI
629,2022-08-07,BNI Life Punya Senjata Hadapi Ancaman Inflasi,Bisnis,BBNI
630,2022-08-09,BNI Ventures: Ini Kriteria Startup yang Layak Dapat Pendanaan,Bisnis,BBNI
631,2022-08-09,"BNI Perkirakan Biaya Dana Akan Naik Hingga Akhir Tahun, Ini Penyebabnya",Kontan,BBNI
632,2022-08-15,"Semakin Agresif di Green Banking, BNI Ungkap Potensinya",CNBC Indonesia,BBNI
633,2022-08-15,Direktur BNI Beberkan Jurus BNI Genjot Kinerja di Tahun 2022,CNBC Indonesia,BBNI
634,2022-08-24,"BNI (BBNI) Catat Pengguna Kartu Kredit Tembus 1,9 Juta pada Semester I/2022",Bisnis,BBNI
635,2022-08-25,"BNI Gandeng Asuransi Tri Pakarta, Beri Penjaminan Bank Garansi hingga Asuransi Kredit",Kontan,BBNI
636,2022-08-28,Respons Bank BNI Terkait Wacana Akuisisi Bank BTN,Kontan,BBNI
637,2022-08-31,"Direksi dan Komisaris BNI Dirombak, Ini Jajaran Barunya",CNBC Indonesia,BBNI
638,2022-08-31,"Kinerja Tetap Sehat, BNI Kini Diperkuat Direksi Baru",CNBC Indonesia,BBNI
639,2022-08-31,"BNI (BBNI) Rombak Posisi 3 Direksi dan 1 Komisaris, Berikut Susunan Terbarunya",Bisnis,BBNI
640,2022-08-31,"Suku Bunga Kredit BRI, BCA, BNI, dan Bank Mandiri, Siapa Paling Rendah?",Bisnis,BBNI
641,2022-08-31,"BNI (BBNI) Punya Direksi Baru, Ini Daftar Lengkapnya",Bisnis,BBNI
642,2022-08-31,RUPSLB BNI (BBNI) Angkat Mucharom Jadi Direktur Human Capital & Kepatuhan,Bisnis,BBNI
643,2022-08-31,"Bob T. Ananta jadi Wadirut BRIS, BNI Rombak Pengurus dalam RUPSLB Hari Ini",Bisnis,BBNI
644,2022-08-31,"BNI (BBNI) Punya Direksi Baru, Ada Mantan Dirut Jamkrindo hingga SEVP Bank Mandiri",Bisnis,BBNI
645,2022-09-09,BNI Raih 4 Penghargaan Alpha Southeast Asia,Bisnis,BBNI
646,2022-09-11,"Jumlah Mitra Digital BNI (BBNI) 458 Perusahaan, 5 Unicorn",Bisnis,BBNI
647,2022-09-13,Intip Strategi BNI (BBNI) Dorong Kinerja dalam 3 Tahun ke Depan,Bisnis,BBNI
648,2022-09-14,"Dirut BNI (BBNI) Ungkap 4 Tantangan bagi Perbankan, dari Pinjol Hingga Kurs Mata Uang",Bisnis,BBNI
649,2022-09-16,"Punya Bank Mayora hingga BNI Ventures, Ini Rencana BNI (BBNI)",Bisnis,BBNI
650,2022-09-19,Ini Cara Membuka Rekening Online BNI dari HP,Bisnis,BBNI
651,2022-09-20,"Jelajah BUMN: BNI Tapcash, Bantu Transaksi Anti Ribet Tanpa Batas di Setiap Perjalanan",Bisnis,BBNI
652,2022-09-20,Jelajah BUMN 2022: Suntikan Modal BNI Bikin Bisnis Hidroponik Lebih Ekspansif,Bisnis,BBNI
653,2022-09-20,"Profil Okki Rushartomo Budiprabowo, Sekretaris Perusahaan BNI (BBNI) yang Baru",Bisnis,BBNI
654,2022-09-20,Ini Jenis Debitur yang Bunga Kreditnya Tak Akan Dikerek BNI,Kontan,BBNI
655,2022-09-23,BNI Perkuat Mobile Banking dengan Tambahan Fitur Unggulan,Bisnis,BBNI
656,2022-10-02,BNI 03 Palembang Gencar Alihkan Transaksi Nasabah ke Layanan Digital,Bisnis,BBNI
657,2022-10-06,"Rupiah Melemah, Cek Kurs Dolar AS di BCA, BRI, Bank Mandiri, dan BNI Kamis (6/10/2022) Siang",Bisnis,BBNI
658,2022-10-10,"Kredit Tanpa Agunan Para Pekerja Migran dari Bank BNI Macet, Ini Langkah BP2MI",Bisnis,BBNI
659,2022-10-15,Jumlah RDN di BNI Terus Meningkat Sejalan Tren Kenaikan Investasi Pasar Saham,Kontan,BBNI
660,2022-10-16,"Intip Promo Suku Bunga KPR BNI, Bank Panin, Bank Mandiri, dan BTN",Bisnis,BBNI
661,2022-10-21,Ini 4 Cara Mencari ATM BNI Terdekat dari Lokasi Sekarang,Kontan,BBNI
662,2022-10-24,"Rupiah Tembus Rp15.600, Cek Kurs Dolar AS di BCA, BRI, Bank Mandiri, dan BNI Hari Ini (24/10)",Bisnis,BBNI
663,2022-10-24,"Bos BNI Ungkap Cara Atasi Krisis, Simak Analisanya!",CNBC Indonesia,BBNI
664,2022-10-24,Bos BNI Bocorkan Cara Perusahaannya Tekan Kredit Macet,CNBC Indonesia,BBNI
665,2022-10-24,2023 Gelap? Ini 5 Sektor Paling Cuan Versi Bos BNI,CNBC Indonesia,BBNI
666,2022-10-25,"Dongkrak Bisnis Internasional, BNI Tokyo Kucurkan Pembiayaan Bagi Diaspora di Jepang",Kontan,BBNI
667,2022-10-26,BNI Tokyo Genjot Pembiayaan Bagi Diaspora,Bisnis,BBNI
668,2022-10-28,"Tak Lagi Rugi, BNI Life Raup Laba Rp135,97 Miliar per Kuartal III/2022",Bisnis,BBNI
669,2022-10-30,Simak Promo dan Reward Produk BNI di Gelaran FinExpo 2022,Kontan,BBNI
670,2022-11-03,BNI dan Emirates Gelar Pameran Perjalanan Bertabur Program Promo,Bisnis,BBNI
671,2022-11-03,Nasabah BNI Xpora Ini Ekspor Interior Hingga Berbagai Negara,Bisnis,BBNI
672,2022-11-06,"Membanding Nilai Transaksi m-Banking BCA (BBCA), BNI (BBNI), dan Mandiri (BMRI), Siapa Juara?",Bisnis,BBNI
673,2022-11-07,Nasabah BNI Emerald Antusias Menyambut Sale Travel Fair,Bisnis,BBNI
674,2022-11-08,Daftar Perusahaan yang Dapat Kredit Sindikasi Jumbo: Adaro (ADRO) hingga BNI (BBNI),Bisnis,BBNI
675,2022-11-08,Persiapan Pensiun? Buka BNI Simponi di BNI Mobile Banking,Bisnis,BBNI
676,2022-11-08,BNI Perkenalkan Diaspora Saving di Indonesian Day London,CNBC Indonesia,BBNI
677,2022-11-14,Singlife & Prudential Dikabarkan Tertarik Tawaran Akuisisi Asuransi Milik BBNI,Kontan,BBNI
678,2022-11-17,BNI (BBNI) Angkat Suara Mengenai Kabar Penjualan BNI Life,Bisnis,BBNI
679,2022-11-22,"Persaingan Ketat Bank Jumbo, Ini DPK 4 Bank Mandiri, BRI, BNI, dan BCA",Bisnis,BBNI
680,2022-11-23,"Tanggap Bencana, BNI-BUMN Gotong Royong Tolong Warga Cianjur",CNBC Indonesia,BBNI
681,2022-11-24,"Tanggap Bencana, BNI Bersama BUMN Gotong Royong Tolong Warga Cianjur",Bisnis,BBNI
682,2022-11-28,"BI Fast Mendominasi Transfer Antarbank, Ini Rencana BNI (BBNI) Selanjutnya",Bisnis,BBNI
683,2022-11-28,"BTN, BRI, dan BNI Kejar Peningkatan RoE, Ini Strateginya",Kontan,BBNI
684,2022-11-28,Bank BNI Catat 60% Debitur High Risk Bakal Dapat Restrukturisasi Kredit Lanjutan,Kontan,BBNI
685,2022-11-29,BNI Wilayah 18 Gelar Program Undian Berhadiah Mobil Mewah,Bisnis,BBNI
686,2022-12-01,Kolaborasi BNI & Bank Jatim Dukung Ekonomi Digital Jawa Timur,CNBC Indonesia,BBNI
687,2022-12-01,BNI dan Bank Jatim Berkolaborasi Dukung Ekonomi Digital Jawa Timur,Kontan,BBNI
688,2022-12-06,"BNI Digital Channel, Transformasi Layanan Kantor Cabang BNI",CNBC Indonesia,BBNI
689,2022-12-08,BNI Komitmen Kembangkan Jaringan ke Arah Digital,CNBC Indonesia,BBNI
690,2022-12-09,"BNI (BBNI) Terbitkan Sertifikat Deposito Senilai Rp3 Triliun, Cek Bunganya",Bisnis,BBNI
691,2022-12-12,"Majukan Bisnis Konsumer, Srikandi BNI Raih Penghargaan Ini",CNBC Indonesia,BBNI
692,2022-12-12,Ini Bukti Bos BNI Layak Jadi Best CEO For International Bank,CNBC Indonesia,BBNI
693,2022-12-13,Customer Experience BNI Emerald Untuk Tingkatkan Loyalitas,CNBC Indonesia,BBNI
694,2022-12-13,Top! BNI Borong 4 Perhargaan di CNBC Indonesia Awards 2022,CNBC Indonesia,BBNI
695,2022-12-13,BNI Raih Sederet Penghargaan Pada CNBC Indonesia Awards 2022,CNBC Indonesia,BBNI
696,2022-12-13,"Diguyur BNI, PP Presisi (PPRE) Lanjut Garap Tol Ini",CNBC Indonesia,BBNI
697,2022-12-16,"BNI Kejurnas Antarklub 2022, Mansion Exist Tantang Jaya Raya di Final",Bisnis,BBNI
698,2022-12-17,BNI Life Raih Peringkat AA+ dari Pefindo,Bisnis,BBNI
699,2022-12-19,"Saham Bank BNI Ambles Lebih Dari 3%, Ada Apa?",CNBC Indonesia,BBNI
700,2022-12-21,"Kaleidoskop Akuisisi Bank 2022: Diwarnai Astra, BBNI, Bank Asing, hingga Fintech",Bisnis,BBNI
701,2022-12-25,"Punya Prospek Positif, Cek Rekomendasi saham dan Prediksi Kinerja BBNI Tahun 2023",Kontan,BBNI
702,2022-12-26,"Momen Nataru, Bank BNI Bagikan Paket Sembako di Pekanbaru",Bisnis,BBNI
703,2022-12-26,"Intip Kesiapan Uang Tunai di BTN, BNI, Mandiri, BRI, dan BCA Jelang Tahun Baru",Bisnis,BBNI
704,2022-12-28,GRP & BNI Kerja Sama Sustainability Linked Loan US$ 32 juta,CNBC Indonesia,BBNI
705,2022-12-28,"BNI Tebus Saham Bank Syariah Indonesia (BRIS), Nih Nilainya",CNBC Indonesia,BBNI
706,2022-12-29,Hartadinata Abadi (HRTA) Meraih Kredit Sindikasi dari BNI (BBNI),Kontan,BBNI
707,2022-12-31,"Kinerja Saham BBCA, BMRI, BBRI, dan BBNI Tahun 2022, Siapa Juara?",Bisnis,BBNI
708,2023-01-03,"Dukung Olahraga RI, BNI Luncurkan Tim Bola Voli Jakarta BNI46",CNBC Indonesia,BBNI
709,2023-01-06,"Jadi Bank Digital, Anak Usaha BNI Ini Punya Dirut Baru",CNBC Indonesia,BBNI
710,2023-01-08,"Rights Issue BSI (BRIS), Begini Pembagian Pemilikan BRI (BBRI), BNI (BBNI) dan Mandiri (BMRI)",Bisnis,BBNI
711,2023-01-08,"Bank Digital BNI (Mayora) Siap Saingi ARTO hingga BBHI, Intip Kinerja Keuangannya",Bisnis,BBNI
712,2023-01-13,"Cek Kurs Dolar BRI, Bank Mandiri, dan BNI Hari Ini Jumat (13/1/2023) Seiring Tren Rupiah Menguat",Bisnis,BBNI
713,2023-01-16,"BNI Tawarkan Banyak Promo Menarik di Tahun Baru Imlek, Mau?",CNBC Indonesia,BBNI
714,2023-01-17,"Leasing Milik BNI Masuk Bisnis Kredit Mobil, Target Salurkan Rp1,8 Triliun",Bisnis,BBNI
715,2023-01-23,"Intip Lompatan Bunga Deposito BCA, BRI, Mandiri dan BNI Setelah BI7DRR Naik di Tahun Kelinci Air",Bisnis,BBNI
716,2023-01-24,"Digital Banking Menjanjikan, BNI (BBNI) Beberkan Capaian 2022",Bisnis,BBNI
717,2023-01-24,"Penyaluran Kredit BNI (BBNI) Tumbuh 10,9% Jadi Rp 646,19 Triliun di 2022",Kontan,BBNI
718,2023-01-24,Begini Target Bisnis dan Strategi Bank BNI (BBNI) di Sepanjang 2023,Kontan,BBNI
719,2023-01-24,Simak! BNI Ungkapkan Arah Masa Depan Bank Mayora,CNBC Indonesia,BBNI
720,2023-01-24,Rekor! Laba BNI Sepanjang 2022 Naik 68% Jadi Rp 18 T,CNBC Indonesia,BBNI
721,2023-01-25,"Penyaluran Kredit BNI (BBNI) Rp646 Triliun, Terdongkrak Korporasi Blue Chip",Bisnis,BBNI
722,2023-01-25,BNI Siapkan Tujuh Strategi Fokus Bisnis untuk Genjot Kinerja di 2023,Kontan,BBNI
723,2023-01-25,Mantap! BNI Cetak Laba Tertinggi Sepanjang Sejarah,CNBC Indonesia,BBNI
724,2023-01-25,"Tembus RP 18,3 Triliun, Laba Bersih BNI 2022 Pecah Rekor!",CNBC Indonesia,BBNI
725,2023-01-26,"Serah Terima Jabatan, Khairul Salam Kini Pimpin BNI Wilayah 02 Padang",Bisnis,BBNI
726,2023-02-05,"Adu Kencang Kopra by Mandiri, BNIDirect, dan Maybank2E di Segmen Nasabah Korporasi",Bisnis,BBNI
727,2023-02-12,Bank Negara Indonesia (BBNI) Bidik Pertumbuhan Volume Transaksi Kartu Kredit 10%,Kontan,BBNI
728,2023-02-15,"BRI dan BNI Perlahan Akan Keluar Dari BSI, Kenapa?",CNBC Indonesia,BBNI
729,2023-02-16,"Tak Semua Alfamart Jual BNI TapCash NCT 127, Cek Lokasinya di Sini!",Bisnis,BBNI
730,2023-02-16,"BNI Luncurkan TapCash Edisi NCT 127, Begini Cara Belinya",Bisnis,BBNI
731,2023-02-16,BNI Rilis Kartu TapCash Spesial Desain NCT 127 2 Baddies,Bisnis,BBNI
732,2023-02-16,Kode Keras Investor Asing Masuk BSI Gantikan BRI dan BNI,CNBC Indonesia,BBNI
733,2023-02-19,"Video: Jadi Bank Digital BNI, Bank Mayora Fokus Garap UMKM",CNBC Indonesia,BBNI
734,2023-02-20,"Rupiah Menguat, Cek Kurs Dolar AS di Mandiri, BCA, BNI, dan BRI Hari Ini (20/2)",Bisnis,BBNI
735,2023-02-22,"Kurs Dolar AS di Bank Mandiri, BCA, BNI, dan BRI Hari Ini, Rabu (22/2)",Bisnis,BBNI
736,2023-02-22,BNI (BBNI) Catat 542.367 Keluhan Sepanjang 2022,Bisnis,BBNI
737,2023-02-22,"Susunan 10 Bank Besar Bergeser, Analis Tetap Jagokan BBCA, BBRI, BMRI, dan BBNI",Kontan,BBNI
738,2023-02-23,"Utang Waskita di BBNI, BMRI, BBRI, BRIS, dan BBTN Capai Rp29,3 T",Bisnis,BBNI
739,2023-02-23,"Peringati Hari Peduli Sampah, BNI Beri Bantuan Peralatan Pos Pandai",Bisnis,BBNI
740,2023-02-25,"Dorong Industri Kreatif, BNI Dukung Raisa Live in Concert",Bisnis,BBNI
741,2023-02-26,"Tingkatkan Transaksi, BNI Gandeng Japan Airlines Tebar Promo Kartu Kredit",Kontan,BBNI
742,2023-02-28,"Fundamental Tak Menarik, Saham Maybank (BNII) Turun Terus",CNBC Indonesia,BBNI
743,2023-02-28,BNI Optimis Porsi Green Banking Semakin 'Garang',CNBC Indonesia,BBNI
744,2023-03-01,"Disebut-sebut Bos BNI, Apa Itu Green Financing?",CNBC Indonesia,BBNI
745,2023-03-02,"Dorong UMKM Go Global, BNI Dukung Inacraft 2023",CNBC Indonesia,BBNI
746,2023-03-02,Transaksi Obligasi dan Valas Kini Bisa Lewat Bonds dan FX Mobile BNI,Kontan,BBNI
747,2023-03-06,OPPO Creativepreneur Corner 2023: Powered by BNI Diluncurkan di 3 Kota,Bisnis,BBNI
748,2023-03-09,Bedah Bekal Investasi 2023 Lewat BNI Emerald Market Outlook,CNBC Indonesia,BBNI
749,2023-03-10,"Siap-Siap, BNI Mau Buyback Saham Rp 905 M, Catat Tanggalnya",CNBC Indonesia,BBNI
750,2023-03-13,"Prospek Dividen Bank BBRI, BBCA, BMRI, BBNI dan BBTN di Tengah Pertumbuhan Laba 2022",Kontan,BBNI
751,2023-03-15,"BNI Gelar RUPST Hari Ini, Siapa Saja Direksi yang Diganti?",Bisnis,BBNI
752,2023-03-15,"BNI (BBNI) Bagikan Dividen Rp7,3 Triliun, Rp392,78 per Lembar",Bisnis,BBNI
753,2023-03-15,Bos IFG Robertus Billitea Diangkat Jadi Komisaris BNI,CNBC Indonesia,BBNI
754,2023-03-15,Sah! Ini Jajaran Direksi dan Komisaris Baru Bank BNI,CNBC Indonesia,BBNI
755,2023-03-15,Ini Jajaran Direksi dan Komisaris Baru BNI,Kontan,BBNI
756,2023-03-15,Menilik Target dan Strategi Kinerja BNI pada Tahun 2023,Kontan,BBNI
757,2023-03-16,"Kinerja Keuangan Membaik, Bank Negara Indonesia (BBNI) Kerek Rasio Pembayaran Dividen",Kontan,BBNI
758,2023-03-16,"Diaspora Bank Mandiri (BMRI) ke Puncak Himbara: dari Nixon BTN, Royke BNI, Hingga Sunarso BRI",Bisnis,BBNI
759,2023-03-16,Tok! BNI Sepakat Buyback Saham Rp 905 Miliar,CNBC Indonesia,BBNI
760,2023-03-17,"Ini Jadwal Pembayaran Dividen BBNI Dengan Yield 4,35%",Kontan,BBNI
761,2023-03-18,"Ini Besaran dan Jadwal Pembayaran Dividen BBRI, BMRI, BBNI",Kontan,BBNI
762,2023-03-18,"BNI (BBNI) Tebar Dividen Rp7,3 Triliun, Simak Jadwal Pembagiannya!",Bisnis,BBNI
763,2023-03-19,"Rasio Likuiditas Capai 219 Persen, Manajemen BNI (BBNI): Aman Terhadap Guncangan",Bisnis,BBNI
764,2023-03-20,"Kamis Cuti Bersama, Cek Jadwal Operasional BCA, BNI, Mandiri",CNBC Indonesia,BBNI
765,2023-03-20,Kuda-Kuda BNI (BBNI) Kembangkan Layanan Digital Hadapi Tantangan 2023,Bisnis,BBNI
766,2023-03-20,"Bank BNI Siap Bagikan Dividen Rp7,32 T, Catat Jadwalnya!",CNBC Indonesia,BBNI
767,2023-03-20,"Rupiah Melemah di Awal Pekan, Cek Kurs BCA, BRI, Bank Mandiri, & BNI",Bisnis,BBNI
768,2023-03-21,"Sambut Ramadhan & Lebaran, BNI Siapkan Uang Tunai Rp 45,9 T",CNBC Indonesia,BBNI
769,2023-03-21,"Besok Libur Nyepi, Bagaimana Operasional BCA, BNI, dan Bank Mandiri?",Bisnis,BBNI
770,2023-03-21,"Besok Libur! Catat Jadwal Operasional Mandiri, BCA, BNI",CNBC Indonesia,BBNI
771,2023-03-24,"Jam Operasional Bank BRI, BNI, dan Mandiri Selama Ramadan 2023",Kontan,BBNI
772,2023-03-24,"Mau Bagikan Dividen, Saham BBNI Melesat 4% Lebih",CNBC Indonesia,BBNI
773,2023-03-26,"Cuan Dividen, Besok Jadwal Batas Cum Dividen BBNI dan ESSA",Bisnis,BBNI
774,2023-03-26,"Besok Cum Dividen BNI (BBNI) Rp7,3 Triliun",Bisnis,BBNI
775,2023-03-27,"Ingat Hari Ini Cum Dividen BBNI dan ESSA, Tembus Rp8 Triliun",Bisnis,BBNI
776,2023-03-27,Sinergi BNI Pacu Ekosistem Digital Bersama Pemda Hingga BPD,CNBC Indonesia,BBNI
777,2023-03-27,Transaksi Digital Perbankan Cepat & Aman? BNI Punya Solusinya,CNBC Indonesia,BBNI
778,2023-03-27,"Credit Suisse & Deutsche Bank Ambruk, Bos BNI Buka Suara",CNBC Indonesia,BBNI
779,2023-03-29,"DPR Cecar Rumor Akuisisi BTN, Bos BNI Bilang Gini",CNBC Indonesia,BBNI
780,2023-03-29,"Transaksi BNI Mobile Banking Capai Rp 155,51 Triliun Per Februari 2023",Kontan,BBNI
781,2023-03-29,"BNI Sediakan Rp45,9 Triliun untuk Ramadan & Idul Fitri 2023, Ini Lokasi Penukaran di Jabodetabek",Bisnis,BBNI
782,2023-03-30,BNI Sekuritas Resmikan Digital Financial Center Vokasi Universitas Indonesia,Kontan,BBNI
783,2023-03-30,"Bos BBRI, BMRI, & BBNI Jawab Tren Margin Bunga Tinggi Bank di RI",Bisnis,BBNI
784,2023-03-31,"Jalankan Program CSR, BNI Fokus pada 3 Pilar",CNBC Indonesia,BBNI
785,2023-04-04,"Maybank Indonesia (BNII) Tebar Dividen Tunai Rp 588,43 Miliar, Simak Jadwalnya",Kontan,BBNI
786,2023-04-04,Lokasi Penukaran Uang Baru di BNI (BBNI) Wilayah DKI Jakarta,Bisnis,BBNI
787,2023-04-04,"Lengkap! Lokasi Penukaran Uang Baru di Bank Mandiri, BRI, BNI, BCA di Jabodetabek",Bisnis,BBNI
788,2023-04-05,"Ini Lokasi Tukar Uang THR Lebaran Mandiri, BRI, BNI, BSI, BCA",CNBC Indonesia,BBNI
789,2023-04-08,"Catat! Ini Lokasi Penukaran Uang Baru di BCA, BRI, BNI, dan Bank Mandiri",Bisnis,BBNI
790,2023-04-10,"Dukung Hapus Kredit Macet UMKM, Kualitas Portofolio BNI Aman",CNBC Indonesia,BBNI
791,2023-04-10,"Challenge 2023, Ini Key Strategy dari Dirut BNI",Bisnis,BBNI
792,2023-04-11,BNI Asset Management Mau Akuisisi Schroders? BNI Buka Suara,CNBC Indonesia,BBNI
793,2023-04-13,"Menggerakkan Ekonomi Indonesia Maju, BNI Fokus Go Global, Go Digital, Go Green",Bisnis,BBNI
794,2023-04-14,"Mengintip Dividen THR Komisaris dan Direksi BNI, Berapa Nilainya?",Bisnis,BBNI
795,2023-04-14,"BNI Asset Management Kelola Dana Rp28,68 Triliun, Optimis Kuartal II/2023 Kian Moncer",Bisnis,BBNI
796,2023-04-16,Praktis! Simak Cara Bayar Zakat ke Baznas via Mobile Banking BNI hingga BSI,Bisnis,BBNI
797,2023-04-17,Jadwal Layanan Kantor Cabang BNI Selama Libur Lebaran,CNBC Indonesia,BBNI
798,2023-04-17,"Cek Jam Operasional Lebaran BCA, BNI, BRI, Mandiri, BTN, BSI",CNBC Indonesia,BBNI
799,2023-04-18,Ini Alasan di Balik Moncernya Kinerja BBNI Kuartal I 2023,CNBC Indonesia,BBNI
800,2023-04-18,"BNI Tebar Promo Diskon Lebaran Hingga 35%, Jangan Terlewat!",CNBC Indonesia,BBNI
801,2023-04-18,"Breaking News: Laba BNI Tembus Rp5,2 T, Naik 31,8% di Q1 2023",CNBC Indonesia,BBNI
802,2023-04-18,"Bank BNI (BBNI) Catat Laba Bersih Tumbuh 31,8% Jadi Rp 5,2 Triliun di Kuartal I-2023",Kontan,BBNI
803,2023-04-19,Semen Padang Serahkan Pengelolaan Dana Pensiun ke DPLK Bank BNI,Bisnis,BBNI
804,2023-04-19,"BNI Fokus Poles Bisnis Anak di 2023, Ini Bocorannya",CNBC Indonesia,BBNI
805,2023-04-21,"Jam Buka Libur Lebaran Bank BCA, BNI, BRI, Mandiri, BTN, BSI",CNBC Indonesia,BBNI
806,2023-04-21,"Jangan Kelewat, Yuk Pilih Twibbon Tema Idul Fitri dari BNI",CNBC Indonesia,BBNI
807,2023-04-21,Yuk Maknai Hari Kemenangan Lewat Kartu Ucapan e-Card BNI,CNBC Indonesia,BBNI
808,2023-04-23,KPR Bank Mandiri dan BNI Tumbuh Sekitar 8% Kuartal I,Kontan,BBNI
809,2023-04-24,Transaksi Tapcash BNI (BBNI) Terindikasi Melonjak selama Lebaran 2023,Bisnis,BBNI
810,2023-04-25,Lengkapi Keseruan Mudik ke Kampung Halaman Bersama BNI,CNBC Indonesia,BBNI
811,2023-04-25,"Naik 7,8%, Total Penyaluran KUR BNI Mencapai Rp 50,1 Triliun per Maret 2023",Kontan,BBNI
812,2023-04-27,"Rupiah Makin Perkasa, Simak Kurs Dolar di Bank Mandiri, BCA, BNI, dan BRI Hari Ini 27 April 2023",Bisnis,BBNI
813,2023-04-28,Laba Bersih Maybank Indonesia (BNII) Melesat Dua Kali Lipat,Bisnis,BBNI
814,2023-05-01,"Kredit UMKM Rp1.271 Triliun per Maret 2023, Intip Porsinya di BRI, BNI, dan Bank Mandiri",Bisnis,BBNI
815,2023-05-05,"BNI Sekuritas Merespons Viral Dana Nasabah Rp1,1 Miliar yang Terblokir",Bisnis,BBNI
816,2023-05-09,"Rupiah Melemah, Ini Kurs Dolar AS di Bank Mandiri, BCA, BNI, dan BRI Hari Ini (9/5)",Bisnis,BBNI
817,2023-05-11,"Viral Dana Nasabah BNI Sekuritas Diblokir, Bursa Kaji Transaksi Waran",Bisnis,BBNI
818,2023-05-11,"Kurs Dolar di Bank Mandiri, BCA, BNI, dan BRI Hari Ini (11/5) saat Rupiah Berbalik Menguat",Bisnis,BBNI
819,2023-05-15,Bank BNI Targetkan Penjualan ST010 bisa Capai Rp 700 Miliar,Kontan,BBNI
820,2023-05-15,Resep Moncer BNI Cetak Rekor Laba Kuartal I 2023,CNBC Indonesia,BBNI
821,2023-05-17,"BBNI Mencatat Peningkatan Pengguna BNI Mobile Banking Hingga 24,3 Persen | bp3ti.bisnis.com",Bisnis,BBNI
822,2023-05-18,"Fokus Dongkrak CASA, Transaksi Digital Maybank Indonesia (BNII) Tumbuh Pesat",Bisnis,BBNI
823,2023-05-18,Transaksi BI Fast BNI dan Mandiri Semakin Melesat,Kontan,BBNI
824,2023-05-22,"Kurs Dolar AS Bank Mandiri, BCA, BNI, dan BRI Hari Ini, 22 Mei 2023",Bisnis,BBNI
825,2023-05-23,BNI Targetkan Transaksi BNI Agen46 Tumbuh 10% di Tahun 2023,Kontan,BBNI
826,2023-05-25,Resmi! BNI Ubah Nama Bank Mayora jadi Hibank,Bisnis,BBNI
827,2023-05-26,"Usai Dicaplok BNI, Bank Mayora Resmi Berubah Jadi Hibank",CNBC Indonesia,BBNI
828,2023-05-26,"Bank Digital BNI (Hibank) Beroperasi, Dirut Ungkap Sebagai Surprise",Bisnis,BBNI
829,2023-05-29,Bank Digital BBNI Hibank akan Perang di Pasar UMKM,CNBC Indonesia,BBNI
830,2023-05-29,"Kasus Pidana Sudah Inkrah, Nasib Korban Bilyet Deposito BNI Makassar Masih Terlunta",Kontan,BBNI
831,2023-05-31,Praktis! Simak Cara Tarik Tunai Tanpa Kartu ATM BNI,Bisnis,BBNI
832,2023-05-31,"Kurs Dolar AS Bank Mandiri, BCA, BNI, dan BRI Hari Ini (31/5)",Bisnis,BBNI
833,2023-06-01,"BNI Java Jazz Festival 2023, Rasakan Pengalaman Digital Tak Terlupakan",Bisnis,BBNI
834,2023-06-02,"Gelar Java Jazz Festival, BNI Hadirkan BNI Treasure Hunt",CNBC Indonesia,BBNI
835,2023-06-05,"Kurs Dolar AS Hari Ini (5/6/2023) di Bank Mandiri, BCA, BNI, dan BRI",Bisnis,BBNI
836,2023-06-05,"BNI Lelang Superblok Kingland Avenue dengan Limit Rp849,35 Miliar",Bisnis,BBNI
837,2023-06-06,"Kurs Dolar AS di Bank Mandiri, BCA, BNI, dan BRI Hari Ini, 6 Juni 2023 Saat Rupiah Menguat",Bisnis,BBNI
838,2023-06-09,"Bisnis Nasabah Kaya BNI Melesat, Penjualan Obligasi Naik 44%",CNBC Indonesia,BBNI
839,2023-06-09,"Jelang Akhir Pekan, Simak Kurs Dolar AS di Bank Mandiri, BCA, BNI, dan BRI Hari Ini (9/6)",Bisnis,BBNI
840,2023-06-12,"Cek Rekomendasi Saham BMRI, BBRI, BBNI, ANTM, SMGR, TLKM, dan JSMR dari Pilarmas",Kontan,BBNI
841,2023-06-12,"Palagan BRI, Mandiri, BNI hingga BCA Kerek Fee Based Income",Bisnis,BBNI
842,2023-06-12,"Top! BBCA, BMRI, BBRI, BBNI Raup Laba Bersih Rp53,9 Triliun Per April 2023",Bisnis,BBNI
843,2023-06-14,Top! BNI Masuk Jajaran Perusahaan Terbaik Dunia,CNBC Indonesia,BBNI
844,2023-06-14,"BSI akan Kedatangan Investor Baru Pengganti BRI dan BNI, Begini Update-nya",Bisnis,BBNI
845,2023-06-15,BNI Sekuritas Dukung Industri Pasar Modal lewat Pendampingan IPO Berbagai Perusahaan,Kontan,BBNI
846,2023-06-16,"Intip Kurs Dolar di BCA, BRI, Bank Mandiri, dan BNI Hari Ini (16/6)",Bisnis,BBNI
847,2023-06-19,"Kurs Dolar AS di Bank Mandiri, BCA, BNI, dan BRI Hari Ini (19/6)",Bisnis,BBNI
848,2023-06-20,Simak! Kantor BNI yang Beroperasi Terbatas pada Libur Iduladha 29 Juni 2023,Bisnis,BBNI
849,2023-06-23,Jadwal Lengkap Operasional BNI Saat Libur Idul Adha,CNBC Indonesia,BBNI
850,2023-06-27,"Jadwal BCA, BRI, Bank Mandiri, BNI Saat Cuti Bersama Iduladha",CNBC Indonesia,BBNI
851,2023-06-27,"Dukung Pertumbuhan Industri Properti, BNI dan REI Bali Gelar BNI-REI Bali Expo 2023",Bisnis,BBNI
852,2023-06-27,BNI Sekuritas Rilis New BIONS Desktop dengan Teknologi Terbaru,Kontan,BBNI
853,2023-06-28,"Cek Kurs Dolar AS di Bank Mandiri, BCA, BNI, dan BRI Saat Libur Iduladha (28/6)",Bisnis,BBNI
854,2023-07-01,"Jadi Kantor Indonesia Inc, Bank BNI Hong Kong Menyiapkan Fasilitas Canggih",Kontan,BBNI
855,2023-07-03,"Kurs Dolar di BCA, BRI, Bank Mandiri, & BNI Awal Juli (3/7/2023)",Bisnis,BBNI
856,2023-07-05,"BNI (BBNI) Rayakan HUT ke-77, Intip Sejarah dan Capaian Selama Ini",Bisnis,BBNI
857,2023-07-06,BNI Regional Sumbar Riau Kepri Dorong UMKM Lewat Xpora,Bisnis,BBNI
858,2023-07-06,"Intip Kurs Dolar di BCA, BRI, Bank Mandiri, & BNI Saat Rupiah Melemah Hari Ini (6/7)",Bisnis,BBNI
859,2023-07-09,"Adu Cuan The Big Four Bank di Ujung Paruh Pertama 2023: BBRI, BMRI, BBNI & BBCA",Bisnis,BBNI
860,2023-07-10,"BNI Kejar NPL Turun ke 2,29% Akhir Tahun Ini",CNBC Indonesia,BBNI
861,2023-07-13,Daftar Jenis Kartu Debit BRI dan BNI serta Limit Transaksinya,Bisnis,BBNI
862,2023-07-14,"Hingga Mei, BNI Catat Pengguna Mobile Banking Capai 14,7 Juta User",Kontan,BBNI
863,2023-07-17,"Laba Tumbuh Pesat, Cek Rekomendasi Saham BBCA, BMRI, BNI, BRI",Bisnis,BBNI
864,2023-07-18,"Kurs Dolar Bank BCA, BNI, Mandiri, dan BRI Hari Ini (18/7/2023)",Bisnis,BBNI
865,2023-07-18,"Libur Tahun Baru Islam, Simak Jadwal Bank Mandiri, BNI & BCA",CNBC Indonesia,BBNI
866,2023-07-21,"Intip Kurs Dolar di BCA, BRI, Bank Mandiri, & BNI Saat Rupiah Melemah Pada Jumat (21/7)",Bisnis,BBNI
867,2023-07-25,"BNI Imbau Nasabah Waspadai Penipuan Online via WhatsApp, Berikut Tipsnya",Kontan,BBNI
868,2023-07-25,"Waspada Penipuan Biaya Transaksi Rp150 Ribu, Ini Imbauan BNI",CNBC Indonesia,BBNI
869,2023-07-25,"Laba Bank BNI Semester I-2023 Naik 17% Jadi Rp 10,3 T",CNBC Indonesia,BBNI
870,2023-07-26,"Transformasi Digital Perbankan Melaju, BCA (BBCA) dan BNI (BBNI) Ungkap Tantangannya",Bisnis,BBNI
871,2023-07-26,Waspada! BNI Kasih Bocoran Sektor Risiko Tinggi Tahun Ini,CNBC Indonesia,BBNI
872,2023-07-26,"Semester I/2023, Produk Bancassurance BNI Life Sumbang Premi Rp1,56 Triliun",Bisnis,BBNI
873,2023-07-26,"BNI Mobile Banking Tembus 14,9 Juta Pengguna di Semester I-2023",Kontan,BBNI
874,2023-07-28,"Amman Mineral (AMMN) Makin Kokoh di Jajaran Emiten Terbesar, Salip BBNI-UNVR",Bisnis,BBNI
875,2023-07-28,"Adu Kencang Laju BCA (BBCA), BNI (BBNI) hingga Bank Panin (PNBN) saat Kredit Melambat",Bisnis,BBNI
876,2023-07-30,"Transaksi Digital Perbankan Melaju Pesat, Intip Capaian BCA (BBCA) dan BNI (BBNI)",Bisnis,BBNI
877,2023-07-31,"Rupiah Menguat, Cek Kurs di BCA, BRI, Bank Mandiri, & BNI Awal Pekan Ini (31/7)",Bisnis,BBNI
878,2023-08-02,"BNI Punya Mesin Pertumbuhan Bisnis Baru, Ini Dia",CNBC Indonesia,BBNI
879,2023-08-03,"BNI Life Balikkan Rugi Jadi Untung, Ini Penyebabnya",CNBC Indonesia,BBNI
880,2023-08-03,"BNI Lelang Tanah dan Bangunan Brylian Plaza, Uang Jaminan Rp22,19 Miliar",Bisnis,BBNI
881,2023-08-07,Hoax! Biaya Transaksi BNI Bukan Rp 150.000,CNBC Indonesia,BBNI
882,2023-08-07,BNI (BBNI) Lelang Kamojang Green Hotel & Resort yang Pernah Viral,Bisnis,BBNI
883,2023-08-08,"BNI UMKM Festival, Bangkitkan Pemulihan Ekonomi UMKM usai Pandemi",Bisnis,BBNI
884,2023-08-10,"Laba Bersih Bank Digital milik BNI Hibank Melesat ke Rp127,67 Miliar",Bisnis,BBNI
885,2023-08-11,Dampak Hapus Buku Kredit Macet UMKM ke BRI (BBRI) hingga BNI (BBNI),Bisnis,BBNI
886,2023-08-11,BNI Bakal Lakukan Stock Split Dengan Rasio 1:2,Kontan,BBNI
887,2023-08-11,"Transaksi Agen Laku Pandai Bank Mandiri, BNI, dan BTN Meningkat Pesat",Kontan,BBNI
888,2023-08-13,"Jadwal Stock Split BNI (BBNI), Sahamnya Makin Terjangkau",Bisnis,BBNI
889,2023-08-14,Saham BBNI Menguat Pasca-pengumuman Stock Split,CNBC Indonesia,BBNI
890,2023-08-15,"Bank Negara Indonesia (BBNI) Akan Stock Split Saham, Ini Kata Analis",Kontan,BBNI
891,2023-08-18,7 Limit Transfer BNI Semua Kartu Lengkap,Bisnis,BBNI
892,2023-08-20,"Jelang Stock Split BBNI, Kepemilikan Saham Bos BNI Bertambah",Kontan,BBNI
893,2023-08-21,"BNI Bagi-Bagi Saham Rp 13,21 M ke Direksi dan Komisaris",CNBC Indonesia,BBNI
894,2023-08-21,Program BNI Xpora Telah Salurkan Kredit Mencapai Rp 29 Triliun,Kontan,BBNI
895,2023-08-21,Intip Rekomendasi Saham Bank BNI (BBNI) yang Bakal Lakukan Stock Split,Kontan,BBNI
896,2023-08-22,Total Kredit BNI Xpora untuk Debitur UMKM Mencapai Rp 29 Triliun pada Juni 2023,Kontan,BBNI
897,2023-08-26,"Disuntik BNI Rp400 M, BNI Multifinance Siap Ekspansi di Pasar Konsumer",Bisnis,BBNI
898,2023-08-27,"Suku Bunga Deposito BCA, Mandiri, BNI, & BRI Terbaru. Siapa Tertinggi?",Bisnis,BBNI
899,2023-08-29,"Jelang Stock Split, BNI Minta Restu Pemegang Saham",CNBC Indonesia,BBNI
900,2023-08-31,"Adu Rasio Bisnis BRI, Bank Mandiri, BCA, dan BNI, Siapa Jawaranya?",Bisnis,BBNI
901,2023-08-31,"Rupiah Menguat, Simak Kurs BCA, BNI, Mandiri & BRI Hari INi (31/8)",Bisnis,BBNI
902,2023-09-01,Bos BNI Buka-bukaan Soal Penyebab Kredit Perbankan Lesu,CNBC Indonesia,BBNI
903,2023-09-01,Now! Bos Bank BNI Bicara Ekonomi Sampai Hilirisasi Jokowi,CNBC Indonesia,BBNI
904,2023-09-02,"Suku Bunga Deposito Bank Mandiri, BCA, BNI, dan BRI, Tertinggi 4 Persen",Bisnis,BBNI
905,2023-09-03,"Kredit Hijau Bank KBMI IV (BMRI, BBRI, BBCA, dan BBNI), Siapa Paling Jumbo?",Bisnis,BBNI
906,2023-09-04,"BNI Lelang Dealer Renault, Rp69,22 M, Kamu Minat?",CNBC Indonesia,BBNI
907,2023-09-04,"Jelang Stock Split, Saham BBNI Pepet Rekor Baru",CNBC Indonesia,BBNI
908,2023-09-05,"Kurs di BCA, BNI, Bank Mandiri, dan BRI Hari Ini (5/9/2023)",Bisnis,BBNI
909,2023-09-05,Ini Cara BNI Beri Layanan Terbaik Bagi Penyandang Disabilitas,CNBC Indonesia,BBNI
910,2023-09-05,BNI Siap Bawa 400 Ribu Nasabah Xpora Go Internasional,CNBC Indonesia,BBNI
911,2023-09-05,"BNI Sudah Salurkan KUR Rp 12,3 Triliun Hingga Agustus 2023",Kontan,BBNI
912,2023-09-05,BNI Beberkan Faktor Pendorong Kredit Macet Segmen Korporasi yang Terus Melandai,Kontan,BBNI
913,2023-09-06,"Kurs BCA, BNI, Bank Mandiri, dan BRI Hari Ini (6/9/2023)",Bisnis,BBNI
914,2023-09-06,"BNI Kerja Sama dengan Bank Korea dan Jepang, Ini Tujuannya",CNBC Indonesia,BBNI
915,2023-09-06,BNI Ungkap Alasan di Balik Aksi Akuisisi Bank Mayora,CNBC Indonesia,BBNI
916,2023-09-08,BRI dan BNI Beri Penjelasan ke BEI soal Kabar Bakal Cabut dari BSI,Bisnis,BBNI
917,2023-09-09,Keren! BNI dan BNI Sekuritas Borong 6 Penghargaan Ini,CNBC Indonesia,BBNI
918,2023-09-09,"Bank BNI (BBNI) dan V2 Indonesia Garap Metahuman AI dalam Perbankan, Apa Itu?",Bisnis,BBNI
919,2023-09-11,"Dorong Budaya Indonesia Mendunia, BNI Dukung Batik in Algiers",CNBC Indonesia,BBNI
920,2023-09-13,"Rupiah Melemah, Cek Kurs BCA, BRI, Bank Mandiri, & BNI Pada Hari Ini (13/9/2023)",Bisnis,BBNI
921,2023-09-14,BNI Kembali Dukung Turnamen Golf Indonesian Masters 2023,CNBC Indonesia,BBNI
